"","HHID_panel","caste","jatis","cat_income","cat_assets","villageid","villagearea","sbd_annualincome","sbd_assets_noland","sbd_loanamount","sbd_dsr","sbd_dar","sbd_dsr","sbd_dar","sbd_assets_noland","sbd_loanamount","clust"
"1","ELA1","Middle","Nattar","T1 in.","T3 as.","ELA","Ur","Dec-Inc","Dec-Inc","Inc-Dec","Dec-Dec","Dec-Dec","sbd_dsr_Dec-Dec","sbd_dar_Dec-Dec","sbd_assets_noland_Dec-Inc","sbd_loanamount_Inc-Dec","3"
"2","ELA10","Middle","Nattar","T1 in.","T1 as.","ELA","Ur","Dec-Inc","Inc-Inc","Inc-Inc","Inc-Inc","Inc-Inc","sbd_dsr_Inc-Inc","sbd_dar_Inc-Inc","sbd_assets_noland_Inc-Inc","sbd_loanamount_Inc-Inc","1"
"3","ELA11","Middle","Vanniyar","T3 in.","T3 as.","ELA","Ur","Sta-Dec","Dec-Dec","Inc-Inc","Inc-Inc","Inc-Inc","sbd_dsr_Inc-Inc","sbd_dar_Inc-Inc","sbd_assets_noland_Dec-Dec","sbd_loanamount_Inc-Inc","1"
"4","ELA12","Middle","Vanniyar","T3 in.","T3 as.","ELA","Ur","Sta-Dec","Dec-Dec","Inc-Inc","Inc-Inc","Inc-Inc","sbd_dsr_Inc-Inc","sbd_dar_Inc-Inc","sbd_assets_noland_Dec-Dec","sbd_loanamount_Inc-Inc","1"
"5","ELA13","Middle","Nattar","T2 in.","T2 as.","ELA","Ur","Dec-Inc","Dec-Inc","Inc-Inc","Dec-Dec","Dec-Dec","sbd_dsr_Dec-Dec","sbd_dar_Dec-Dec","sbd_assets_noland_Dec-Inc","sbd_loanamount_Inc-Inc","3"
"6","ELA14","Dalits","SC","T1 in.","T2 as.","ELA","Colony","Inc-Dec","DEC-INC","Inc-Inc","Inc-Inc","Inc-Inc","sbd_dsr_Inc-Inc","sbd_dar_Inc-Inc","sbd_assets_noland_DEC-INC","sbd_loanamount_Inc-Inc","4"
"7","ELA15","Dalits","SC","T3 in.","T3 as.","ELA","Colony","Sta-Dec","Inc-Inc","Inc-Inc","Inc-Inc","Inc-Inc","sbd_dsr_Inc-Inc","sbd_dar_Inc-Inc","sbd_assets_noland_Inc-Inc","sbd_loanamount_Inc-Inc","1"
"8","ELA16","Middle","Vanniyar","T3 in.","T2 as.","ELA","Ur","Inc-Dec","Dec-Inc","Inc-Dec","Dec-Dec","Inc-Dec","sbd_dsr_Dec-Dec","sbd_dar_Inc-Dec","sbd_assets_noland_Dec-Inc","sbd_loanamount_Inc-Dec","4"
"9","ELA17","Dalits","SC","T2 in.","T1 as.","ELA","Colony","Inc-Dec","Inc-Inc","Inc-Inc","INC-INC","Dec-Dec","sbd_dsr_INC-INC","sbd_dar_Dec-Dec","sbd_assets_noland_Inc-Inc","sbd_loanamount_Inc-Inc","3"
"10","ELA19","Dalits","SC","T1 in.","T1 as.","ELA","Colony","Dec-Inc","Inc-Inc","Inc-Inc","Dec-Inc","Inc-Inc","sbd_dsr_Dec-Inc","sbd_dar_Inc-Inc","sbd_assets_noland_Inc-Inc","sbd_loanamount_Inc-Inc","2"
"11","ELA2","Middle","Vanniyar","T3 in.","T3 as.","ELA","Ur","Inc-Dec","Inc-Inc","Inc-Inc","Dec-Dec","Inc-Inc","sbd_dsr_Dec-Dec","sbd_dar_Inc-Inc","sbd_assets_noland_Inc-Inc","sbd_loanamount_Inc-Inc","1"
"12","ELA20","Dalits","SC","T2 in.","T2 as.","ELA","Colony","Sta-Dec","Inc-Inc","Inc-Inc","INC-INC","Inc-Inc","sbd_dsr_INC-INC","sbd_dar_Inc-Inc","sbd_assets_noland_Inc-Inc","sbd_loanamount_Inc-Inc","1"
"13","ELA21","Middle","Vanniyar","T2 in.","T1 as.","ELA","Ur","Inc-Dec","Inc-Inc","Inc-Dec","Sta-Dec","Dec-Dec","sbd_dsr_Sta-Dec","sbd_dar_Dec-Dec","sbd_assets_noland_Inc-Inc","sbd_loanamount_Inc-Dec","3"
"14","ELA22","Dalits","SC","T2 in.","T1 as.","ELA","Colony","Inc-Dec","Inc-Inc","Inc-Inc","Inc-Inc","Dec-Dec","sbd_dsr_Inc-Inc","sbd_dar_Dec-Dec","sbd_assets_noland_Inc-Inc","sbd_loanamount_Inc-Inc","3"
"15","ELA23","Middle","Vanniyar","T1 in.","T1 as.","ELA","Ur","Dec-Inc","Inc-Inc","Inc-Inc","Sta-Dec","Inc-Inc","sbd_dsr_Sta-Dec","sbd_dar_Inc-Inc","sbd_assets_noland_Inc-Inc","sbd_loanamount_Inc-Inc","3"
"16","ELA24","Dalits","SC","T2 in.","T3 as.","ELA","Colony","Sta-Dec","Dec-Dec","Inc-Inc","Inc-Inc","Inc-Inc","sbd_dsr_Inc-Inc","sbd_dar_Inc-Inc","sbd_assets_noland_Dec-Dec","sbd_loanamount_Inc-Inc","1"
"17","ELA26","Dalits","SC","T3 in.","T3 as.","ELA","Colony","Sta-Dec","Dec-Dec","Inc-Inc","Inc-Inc","Inc-Inc","sbd_dsr_Inc-Inc","sbd_dar_Inc-Inc","sbd_assets_noland_Dec-Dec","sbd_loanamount_Inc-Inc","1"
"18","ELA27","Dalits","SC","T3 in.","T2 as.","ELA","Colony","Dec-Inc","Dec-Dec","Inc-Inc","Dec-Dec","Inc-Inc","sbd_dsr_Dec-Dec","sbd_dar_Inc-Inc","sbd_assets_noland_Dec-Dec","sbd_loanamount_Inc-Inc","1"
"19","ELA30","Middle","Vanniyar","T2 in.","T2 as.","ELA","Ur","Dec-Inc","Inc-Inc","Dec-Inc","Dec-Inc","Dec-Inc","sbd_dsr_Dec-Inc","sbd_dar_Dec-Inc","sbd_assets_noland_Inc-Inc","sbd_loanamount_Dec-Inc","2"
"20","ELA31","Dalits","SC","T1 in.","T2 as.","ELA","Colony","Inc-Dec","DEC-INC","Inc-Inc","Dec-Dec","Inc-Dec","sbd_dsr_Dec-Dec","sbd_dar_Inc-Dec","sbd_assets_noland_DEC-INC","sbd_loanamount_Inc-Inc","4"
"21","ELA33","Middle","Vanniyar","T2 in.","T2 as.","ELA","Ur","Inc-Dec","Inc-Inc","Inc-Inc","Inc-Inc","Inc-Inc","sbd_dsr_Inc-Inc","sbd_dar_Inc-Inc","sbd_assets_noland_Inc-Inc","sbd_loanamount_Inc-Inc","1"
"22","ELA35","Dalits","SC","T3 in.","T2 as.","ELA","Colony","Dec-Sta","Dec-Dec","Inc-Inc","Inc-Inc","Inc-Inc","sbd_dsr_Inc-Inc","sbd_dar_Inc-Inc","sbd_assets_noland_Dec-Dec","sbd_loanamount_Inc-Inc","1"
"23","ELA36","Dalits","SC","T2 in.","T2 as.","ELA","Colony","Dec-Inc","DEC-INC","Inc-Inc","Dec-Dec","Inc-Dec","sbd_dsr_Dec-Dec","sbd_dar_Inc-Dec","sbd_assets_noland_DEC-INC","sbd_loanamount_Inc-Inc","4"
"24","ELA37","Dalits","SC","T2 in.","T3 as.","ELA","Colony","Dec-Inc","Dec-Dec","Inc-Inc","Inc-Inc","Inc-Inc","sbd_dsr_Inc-Inc","sbd_dar_Inc-Inc","sbd_assets_noland_Dec-Dec","sbd_loanamount_Inc-Inc","1"
"25","ELA38","Dalits","SC","T2 in.","T2 as.","ELA","Colony","Dec-Inc","Dec-Inc","Dec-Inc","Dec-Dec","Dec-Dec","sbd_dsr_Dec-Dec","sbd_dar_Dec-Dec","sbd_assets_noland_Dec-Inc","sbd_loanamount_Dec-Inc","2"
"26","ELA39","Middle","Vanniyar","T3 in.","T2 as.","ELA","Ur","Sta-Dec","Inc-Inc","Inc-Inc","INC-INC","Inc-Inc","sbd_dsr_INC-INC","sbd_dar_Inc-Inc","sbd_assets_noland_Inc-Inc","sbd_loanamount_Inc-Inc","1"
"27","ELA4","Dalits","SC","T3 in.","T2 as.","ELA","Colony","Inc-Dec","Dec-Inc","Inc-Inc","Dec-Dec","Inc-Inc","sbd_dsr_Dec-Dec","sbd_dar_Inc-Inc","sbd_assets_noland_Dec-Inc","sbd_loanamount_Inc-Inc","4"
"28","ELA40","Dalits","SC","T2 in.","T3 as.","ELA","Colony","Dec-Inc","Dec-Dec","Inc-Inc","Dec-Dec","Inc-Inc","sbd_dsr_Dec-Dec","sbd_dar_Inc-Inc","sbd_assets_noland_Dec-Dec","sbd_loanamount_Inc-Inc","1"
"29","ELA41","Dalits","SC","T3 in.","T3 as.","ELA","Colony","Dec-Sta","Dec-Dec","Dec-Inc","Inc-Inc","Dec-Dec","sbd_dsr_Inc-Inc","sbd_dar_Dec-Dec","sbd_assets_noland_Dec-Dec","sbd_loanamount_Dec-Inc","2"
"30","ELA42","Middle","Nattar","T1 in.","T3 as.","ELA","Ur","Dec-Inc","Dec-Inc","Inc-Inc","Inc-Inc","Inc-Dec","sbd_dsr_Inc-Inc","sbd_dar_Inc-Dec","sbd_assets_noland_Dec-Inc","sbd_loanamount_Inc-Inc","4"
"31","ELA43","Middle","Nattar","T2 in.","T2 as.","ELA","Ur","Dec-Inc","Inc-Inc","Inc-Inc","Dec-Dec","Dec-Dec","sbd_dsr_Dec-Dec","sbd_dar_Dec-Dec","sbd_assets_noland_Inc-Inc","sbd_loanamount_Inc-Inc","3"
"32","ELA44","Dalits","SC","T1 in.","T3 as.","ELA","Colony","Inc-Dec","DEC-INC","Dec-Inc","Dec-Dec","Inc-Dec","sbd_dsr_Dec-Dec","sbd_dar_Inc-Dec","sbd_assets_noland_DEC-INC","sbd_loanamount_Dec-Inc","4"
"33","ELA45","Dalits","SC","T2 in.","T1 as.","ELA","Colony","Dec-Inc","Inc-Inc","Inc-Inc","Inc-Inc","Inc-Inc","sbd_dsr_Inc-Inc","sbd_dar_Inc-Inc","sbd_assets_noland_Inc-Inc","sbd_loanamount_Inc-Inc","1"
"34","ELA49","Middle","Padayachi","T2 in.","T2 as.","ELA","Ur","Dec-Inc","DEC-INC","Inc-Dec","Dec-Dec","Inc-Dec","sbd_dsr_Dec-Dec","sbd_dar_Inc-Dec","sbd_assets_noland_DEC-INC","sbd_loanamount_Inc-Dec","4"
"35","ELA5","Middle","Padayachi","T3 in.","T3 as.","ELA","Ur","Inc-Dec","DEC-INC","Inc-Dec","Dec-Dec","Inc-Dec","sbd_dsr_Dec-Dec","sbd_dar_Inc-Dec","sbd_assets_noland_DEC-INC","sbd_loanamount_Inc-Dec","4"
"36","ELA50","Dalits","SC","T3 in.","T1 as.","ELA","Colony","Dec-Inc","Inc-Inc","Inc-Inc","Inc-Inc","Dec-Dec","sbd_dsr_Inc-Inc","sbd_dar_Dec-Dec","sbd_assets_noland_Inc-Inc","sbd_loanamount_Inc-Inc","3"
"37","ELA52","Dalits","SC","T2 in.","T2 as.","ELA","Colony","Inc-Dec","DEC-INC","Inc-Inc","Inc-Inc","Inc-Dec","sbd_dsr_Inc-Inc","sbd_dar_Inc-Dec","sbd_assets_noland_DEC-INC","sbd_loanamount_Inc-Inc","4"
"38","ELA6","Dalits","SC","T3 in.","T1 as.","ELA","Colony","Dec-Sta","Dec-Inc","Dec-Inc","INC-INC","Dec-Inc","sbd_dsr_INC-INC","sbd_dar_Dec-Inc","sbd_assets_noland_Dec-Inc","sbd_loanamount_Dec-Inc","2"
"39","ELA7","Middle","Nattar","T3 in.","T1 as.","ELA","Ur","Dec-Inc","Dec-Inc","Inc-Inc","Inc-Inc","Inc-Inc","sbd_dsr_Inc-Inc","sbd_dar_Inc-Inc","sbd_assets_noland_Dec-Inc","sbd_loanamount_Inc-Inc","1"
"40","ELA8","Dalits","SC","T2 in.","T3 as.","ELA","Colony","Dec-Sta","Dec-Inc","Inc-Inc","Inc-Inc","Inc-Inc","sbd_dsr_Inc-Inc","sbd_dar_Inc-Inc","sbd_assets_noland_Dec-Inc","sbd_loanamount_Inc-Inc","1"
"41","ELA9","Dalits","SC","T3 in.","T1 as.","ELA","Colony","Dec-Sta","Inc-Inc","Inc-Inc","INC-INC","Dec-Dec","sbd_dsr_INC-INC","sbd_dar_Dec-Dec","sbd_assets_noland_Inc-Inc","sbd_loanamount_Inc-Inc","3"
"42","GOV11","Upper","Mudaliar","T1 in.","T2 as.","GOV","Ur","Dec-Inc","Inc-Inc","Inc-Inc","Dec-Dec","Inc-Inc","sbd_dsr_Dec-Dec","sbd_dar_Inc-Inc","sbd_assets_noland_Inc-Inc","sbd_loanamount_Inc-Inc","1"
"43","GOV13","Upper","Mudaliar","T2 in.","T3 as.","GOV","Ur","Dec-Inc","Dec-Dec","Dec-Inc","Dec-Dec","Inc-Inc","sbd_dsr_Dec-Dec","sbd_dar_Inc-Inc","sbd_assets_noland_Dec-Dec","sbd_loanamount_Dec-Inc","2"
"44","GOV14","Upper","Mudaliar","T3 in.","T2 as.","GOV","Ur","Sta-Dec","Dec-Dec","Inc-Dec","Dec-Dec","Dec-Dec","sbd_dsr_Dec-Dec","sbd_dar_Dec-Dec","sbd_assets_noland_Dec-Dec","sbd_loanamount_Inc-Dec","4"
"45","GOV17","Upper","Mudaliar","T3 in.","T3 as.","GOV","Ur","Dec-Inc","DEC-INC","Inc-Dec","Dec-Dec","Inc-Dec","sbd_dsr_Dec-Dec","sbd_dar_Inc-Dec","sbd_assets_noland_DEC-INC","sbd_loanamount_Inc-Dec","4"
"46","GOV18","Upper","Mudaliar","T3 in.","T3 as.","GOV","Ur","Sta-Dec","Dec-Dec","Inc-Dec","Inc-Inc","Inc-Dec","sbd_dsr_Inc-Inc","sbd_dar_Inc-Dec","sbd_assets_noland_Dec-Dec","sbd_loanamount_Inc-Dec","4"
"47","GOV19","Upper","Mudaliar","T1 in.","T3 as.","GOV","Ur","Inc-Dec","DEC-INC","Inc-Inc","Inc-Inc","Inc-Inc","sbd_dsr_Inc-Inc","sbd_dar_Inc-Inc","sbd_assets_noland_DEC-INC","sbd_loanamount_Inc-Inc","4"
"48","GOV2","Upper","Mudaliar","T3 in.","T3 as.","GOV","Ur","Inc-Dec","Dec-Dec","Inc-Dec","Sta-Dec","Inc-Dec","sbd_dsr_Sta-Dec","sbd_dar_Inc-Dec","sbd_assets_noland_Dec-Dec","sbd_loanamount_Inc-Dec","4"
"49","GOV20","Upper","Mudaliar","T3 in.","T2 as.","GOV","Ur","Dec-Inc","Dec-Inc","Inc-Inc","Dec-Dec","Inc-Dec","sbd_dsr_Dec-Dec","sbd_dar_Inc-Dec","sbd_assets_noland_Dec-Inc","sbd_loanamount_Inc-Inc","4"
"50","GOV21","Upper","Mudaliar","T2 in.","T3 as.","GOV","Ur","Inc-Dec","Dec-Dec","Inc-Inc","Inc-Inc","Inc-Inc","sbd_dsr_Inc-Inc","sbd_dar_Inc-Inc","sbd_assets_noland_Dec-Dec","sbd_loanamount_Inc-Inc","1"
"51","GOV22","Upper","Mudaliar","T2 in.","T3 as.","GOV","Ur","Dec-Inc","Dec-Dec","Inc-Dec","Sta-Dec","Inc-Dec","sbd_dsr_Sta-Dec","sbd_dar_Inc-Dec","sbd_assets_noland_Dec-Dec","sbd_loanamount_Inc-Dec","4"
"52","GOV23","Upper","Mudaliar","T3 in.","T1 as.","GOV","Ur","Dec-Inc","Inc-Inc","Dec-Inc","Inc-Inc","Dec-Inc","sbd_dsr_Inc-Inc","sbd_dar_Dec-Inc","sbd_assets_noland_Inc-Inc","sbd_loanamount_Dec-Inc","2"
"53","GOV25","Upper","Mudaliar","T1 in.","T2 as.","GOV","Ur","Inc-Dec","Dec-Dec","Inc-Dec","Inc-Inc","Inc-Inc","sbd_dsr_Inc-Inc","sbd_dar_Inc-Inc","sbd_assets_noland_Dec-Dec","sbd_loanamount_Inc-Dec","1"
"54","GOV26","Upper","Mudaliar","T3 in.","T3 as.","GOV","Ur","Dec-Sta","Dec-Dec","Inc-Dec","INC-INC","Inc-Inc","sbd_dsr_INC-INC","sbd_dar_Inc-Inc","sbd_assets_noland_Dec-Dec","sbd_loanamount_Inc-Dec","4"
"55","GOV28","Upper","Mudaliar","T3 in.","T3 as.","GOV","Ur","Inc-Dec","Dec-Dec","Inc-Inc","Dec-Dec","Inc-Inc","sbd_dsr_Dec-Dec","sbd_dar_Inc-Inc","sbd_assets_noland_Dec-Dec","sbd_loanamount_Inc-Inc","1"
"56","GOV29","Upper","Mudaliar","T2 in.","T3 as.","GOV","Ur","Inc-Dec","Dec-Dec","Dec-Inc","Dec-Inc","Dec-Inc","sbd_dsr_Dec-Inc","sbd_dar_Dec-Inc","sbd_assets_noland_Dec-Dec","sbd_loanamount_Dec-Inc","2"
"57","GOV3","Upper","Mudaliar","T1 in.","T2 as.","GOV","Ur","Inc-Dec","Inc-Inc","Inc-Dec","Dec-Dec","Inc-Dec","sbd_dsr_Dec-Dec","sbd_dar_Inc-Dec","sbd_assets_noland_Inc-Inc","sbd_loanamount_Inc-Dec","4"
"58","GOV31","Upper","Mudaliar","T2 in.","T3 as.","GOV","Ur","Dec-Inc","DEC-INC","Inc-Dec","Dec-Dec","Inc-Dec","sbd_dsr_Dec-Dec","sbd_dar_Inc-Dec","sbd_assets_noland_DEC-INC","sbd_loanamount_Inc-Dec","4"
"59","GOV32","Upper","Mudaliar","T3 in.","T3 as.","GOV","Ur","Dec-Sta","Dec-Dec","Dec-Inc","Dec-Inc","Dec-Inc","sbd_dsr_Dec-Inc","sbd_dar_Dec-Inc","sbd_assets_noland_Dec-Dec","sbd_loanamount_Dec-Inc","2"
"60","GOV33","Upper","Mudaliar","T1 in.","T3 as.","GOV","Ur","Dec-Inc","DEC-INC","Inc-Inc","Dec-Dec","Inc-Dec","sbd_dsr_Dec-Dec","sbd_dar_Inc-Dec","sbd_assets_noland_DEC-INC","sbd_loanamount_Inc-Inc","4"
"61","GOV34","Upper","Mudaliar","T2 in.","T2 as.","GOV","Ur","Inc-Dec","Dec-Dec","Dec-Inc","Dec-Inc","Dec-Dec","sbd_dsr_Dec-Inc","sbd_dar_Dec-Dec","sbd_assets_noland_Dec-Dec","sbd_loanamount_Dec-Inc","2"
"62","GOV35","Upper","Mudaliar","T1 in.","T2 as.","GOV","Ur","Dec-Inc","Inc-Inc","Inc-Inc","Dec-Dec","Inc-Inc","sbd_dsr_Dec-Dec","sbd_dar_Inc-Inc","sbd_assets_noland_Inc-Inc","sbd_loanamount_Inc-Inc","1"
"63","GOV37","Upper","Mudaliar","T1 in.","T1 as.","GOV","Ur","Dec-Inc","Inc-Inc","Inc-Dec","Sta-Dec","Dec-Dec","sbd_dsr_Sta-Dec","sbd_dar_Dec-Dec","sbd_assets_noland_Inc-Inc","sbd_loanamount_Inc-Dec","3"
"64","GOV38","Middle","Kulalar","T1 in.","T3 as.","GOV","Ur","Dec-Inc","Dec-Inc","Inc-Inc","Dec-Dec","Inc-Inc","sbd_dsr_Dec-Dec","sbd_dar_Inc-Inc","sbd_assets_noland_Dec-Inc","sbd_loanamount_Inc-Inc","4"
"65","GOV39","Upper","Mudaliar","T2 in.","T3 as.","GOV","Ur","Dec-Sta","Dec-Dec","Inc-Dec","Sta-Dec","Inc-Dec","sbd_dsr_Sta-Dec","sbd_dar_Inc-Dec","sbd_assets_noland_Dec-Dec","sbd_loanamount_Inc-Dec","4"
"66","GOV4","Upper","Mudaliar","T2 in.","T2 as.","GOV","Ur","Inc-Dec","DEC-INC","Inc-Dec","Sta-Dec","Inc-Dec","sbd_dsr_Sta-Dec","sbd_dar_Inc-Dec","sbd_assets_noland_DEC-INC","sbd_loanamount_Inc-Dec","4"
"67","GOV40","Upper","Mudaliar","T1 in.","T3 as.","GOV","Ur","Dec-Inc","Dec-Dec","Inc-Inc","Dec-Dec","Inc-Inc","sbd_dsr_Dec-Dec","sbd_dar_Inc-Inc","sbd_assets_noland_Dec-Dec","sbd_loanamount_Inc-Inc","1"
"68","GOV41","Upper","Mudaliar","T1 in.","T2 as.","GOV","Ur","Dec-Inc","Dec-Inc","Inc-Dec","Dec-Dec","Inc-Dec","sbd_dsr_Dec-Dec","sbd_dar_Inc-Dec","sbd_assets_noland_Dec-Inc","sbd_loanamount_Inc-Dec","4"
"69","GOV42","Upper","Mudaliar","T2 in.","T3 as.","GOV","Ur","Inc-Dec","Inc-Inc","Inc-Inc","Sta-Dec","Inc-Inc","sbd_dsr_Sta-Dec","sbd_dar_Inc-Inc","sbd_assets_noland_Inc-Inc","sbd_loanamount_Inc-Inc","3"
"70","GOV44","Middle","Vanniyar","T2 in.","T2 as.","GOV","Ur","Inc-Dec","Inc-Inc","Inc-Dec","Dec-Dec","Dec-Dec","sbd_dsr_Dec-Dec","sbd_dar_Dec-Dec","sbd_assets_noland_Inc-Inc","sbd_loanamount_Inc-Dec","3"
"71","GOV45","Upper","Mudaliar","T1 in.","T3 as.","GOV","Ur","Inc-Dec","Dec-Dec","Inc-Inc","Dec-Inc","Inc-Inc","sbd_dsr_Dec-Inc","sbd_dar_Inc-Inc","sbd_assets_noland_Dec-Dec","sbd_loanamount_Inc-Inc","2"
"72","GOV46","Upper","Mudaliar","T1 in.","T3 as.","GOV","Ur","Dec-Inc","Dec-Inc","Dec-Inc","Dec-Dec","Dec-Dec","sbd_dsr_Dec-Dec","sbd_dar_Dec-Dec","sbd_assets_noland_Dec-Inc","sbd_loanamount_Dec-Inc","2"
"73","GOV48","Upper","Mudaliar","T2 in.","T1 as.","GOV","Ur","Sta-Dec","Inc-Inc","Inc-Inc","Dec-Inc","Inc-Inc","sbd_dsr_Dec-Inc","sbd_dar_Inc-Inc","sbd_assets_noland_Inc-Inc","sbd_loanamount_Inc-Inc","2"
"74","GOV50","Upper","Mudaliar","T1 in.","T3 as.","GOV","Ur","Dec-Inc","DEC-INC","Inc-Inc","Dec-Dec","Inc-Dec","sbd_dsr_Dec-Dec","sbd_dar_Inc-Dec","sbd_assets_noland_DEC-INC","sbd_loanamount_Inc-Inc","4"
"75","GOV51","Upper","Mudaliar","T3 in.","T1 as.","GOV","Ur","Dec-Inc","Inc-Inc","Inc-Inc","Sta-Dec","Inc-Inc","sbd_dsr_Sta-Dec","sbd_dar_Inc-Inc","sbd_assets_noland_Inc-Inc","sbd_loanamount_Inc-Inc","3"
"76","GOV52","Upper","Mudaliar","T1 in.","T3 as.","GOV","Ur","Dec-Inc","Dec-Dec","Inc-Inc","Sta-Dec","Inc-Inc","sbd_dsr_Sta-Dec","sbd_dar_Inc-Inc","sbd_assets_noland_Dec-Dec","sbd_loanamount_Inc-Inc","4"
"77","GOV6","Upper","Mudaliar","T2 in.","T1 as.","GOV","Ur","Inc-Dec","Inc-Inc","Inc-Dec","Inc-Inc","Inc-Dec","sbd_dsr_Inc-Inc","sbd_dar_Inc-Dec","sbd_assets_noland_Inc-Inc","sbd_loanamount_Inc-Dec","4"
"78","GOV7","Upper","Mudaliar","T3 in.","T3 as.","GOV","Ur","Dec-Sta","Dec-Dec","Inc-Inc","Dec-Dec","Inc-Inc","sbd_dsr_Dec-Dec","sbd_dar_Inc-Inc","sbd_assets_noland_Dec-Dec","sbd_loanamount_Inc-Inc","1"
"79","KAR10","Middle","Vanniyar","T1 in.","T1 as.","KAR","Ur","Dec-Inc","Inc-Inc","Inc-Inc","Inc-Inc","Inc-Inc","sbd_dsr_Inc-Inc","sbd_dar_Inc-Inc","sbd_assets_noland_Inc-Inc","sbd_loanamount_Inc-Inc","1"
"80","KAR11","Middle","Vanniyar","T3 in.","T3 as.","KAR","Ur","Sta-Dec","Inc-Inc","Inc-Dec","INC-INC","Dec-Dec","sbd_dsr_INC-INC","sbd_dar_Dec-Dec","sbd_assets_noland_Inc-Inc","sbd_loanamount_Inc-Dec","3"
"81","KAR12","Middle","Vanniyar","T1 in.","T2 as.","KAR","Ur","Dec-Inc","Inc-Inc","Inc-Inc","Dec-Dec","Dec-Dec","sbd_dsr_Dec-Dec","sbd_dar_Dec-Dec","sbd_assets_noland_Inc-Inc","sbd_loanamount_Inc-Inc","3"
"82","KAR13","Dalits","Arunthathiyar","T1 in.","T1 as.","KAR","Colony","Dec-Inc","Dec-Inc","Inc-Inc","Dec-Dec","Inc-Dec","sbd_dsr_Dec-Dec","sbd_dar_Inc-Dec","sbd_assets_noland_Dec-Inc","sbd_loanamount_Inc-Inc","4"
"83","KAR14","Middle","Vanniyar","T2 in.","T2 as.","KAR","Ur","Inc-Dec","Inc-Inc","Inc-Inc","Dec-Dec","Inc-Dec","sbd_dsr_Dec-Dec","sbd_dar_Inc-Dec","sbd_assets_noland_Inc-Inc","sbd_loanamount_Inc-Inc","4"
"84","KAR15","Middle","Vanniyar","T2 in.","T2 as.","KAR","Ur","Sta-Dec","Dec-Dec","Inc-Inc","INC-INC","Inc-Inc","sbd_dsr_INC-INC","sbd_dar_Inc-Inc","sbd_assets_noland_Dec-Dec","sbd_loanamount_Inc-Inc","1"
"85","KAR17","Middle","Vanniyar","T2 in.","T2 as.","KAR","Ur","Inc-Dec","Dec-Inc","Inc-Inc","Inc-Inc","Inc-Inc","sbd_dsr_Inc-Inc","sbd_dar_Inc-Inc","sbd_assets_noland_Dec-Inc","sbd_loanamount_Inc-Inc","1"
"86","KAR18","Dalits","SC","T1 in.","T1 as.","KAR","Colony","Inc-Dec","Dec-Inc","Inc-Inc","Inc-Inc","Inc-Inc","sbd_dsr_Inc-Inc","sbd_dar_Inc-Inc","sbd_assets_noland_Dec-Inc","sbd_loanamount_Inc-Inc","1"
"87","KAR19","Dalits","SC","T1 in.","T3 as.","KAR","Colony","Inc-Dec","Dec-Dec","Dec-Inc","Inc-Inc","Inc-Inc","sbd_dsr_Inc-Inc","sbd_dar_Inc-Inc","sbd_assets_noland_Dec-Dec","sbd_loanamount_Dec-Inc","2"
"88","KAR2","Middle","Vanniyar","T1 in.","T2 as.","KAR","Ur","Dec-Inc","Inc-Inc","Dec-Inc","Dec-Dec","Dec-Inc","sbd_dsr_Dec-Dec","sbd_dar_Dec-Inc","sbd_assets_noland_Inc-Inc","sbd_loanamount_Dec-Inc","2"
"89","KAR20","Dalits","SC","T3 in.","T1 as.","KAR","Colony","Sta-Dec","Inc-Inc","Inc-Dec","Inc-Inc","Dec-Dec","sbd_dsr_Inc-Inc","sbd_dar_Dec-Dec","sbd_assets_noland_Inc-Inc","sbd_loanamount_Inc-Dec","3"
"90","KAR21","Dalits","SC","T2 in.","T2 as.","KAR","Colony","Dec-Sta","Dec-Dec","Inc-Inc","INC-INC","Inc-Inc","sbd_dsr_INC-INC","sbd_dar_Inc-Inc","sbd_assets_noland_Dec-Dec","sbd_loanamount_Inc-Inc","1"
"91","KAR23","Dalits","SC","T1 in.","T2 as.","KAR","Colony","Dec-Inc","Dec-Inc","Inc-Inc","Inc-Inc","Dec-Dec","sbd_dsr_Inc-Inc","sbd_dar_Dec-Dec","sbd_assets_noland_Dec-Inc","sbd_loanamount_Inc-Inc","3"
"92","KAR25","Middle","Vanniyar","T1 in.","T2 as.","KAR","Ur","Dec-Inc","Inc-Inc","Inc-Inc","Dec-Dec","Dec-Dec","sbd_dsr_Dec-Dec","sbd_dar_Dec-Dec","sbd_assets_noland_Inc-Inc","sbd_loanamount_Inc-Inc","3"
"93","KAR26","Dalits","SC","T2 in.","T1 as.","KAR","Colony","Dec-Inc","Inc-Inc","Inc-Inc","Dec-Inc","Dec-Dec","sbd_dsr_Dec-Inc","sbd_dar_Dec-Dec","sbd_assets_noland_Inc-Inc","sbd_loanamount_Inc-Inc","2"
"94","KAR27","Middle","Vanniyar","T3 in.","T3 as.","KAR","Ur","Dec-Inc","Inc-Inc","Inc-Dec","Dec-Dec","Dec-Dec","sbd_dsr_Dec-Dec","sbd_dar_Dec-Dec","sbd_assets_noland_Inc-Inc","sbd_loanamount_Inc-Dec","3"
"95","KAR28","Dalits","SC","T2 in.","T1 as.","KAR","Colony","Dec-Inc","Inc-Inc","Inc-Inc","Inc-Inc","Inc-Inc","sbd_dsr_Inc-Inc","sbd_dar_Inc-Inc","sbd_assets_noland_Inc-Inc","sbd_loanamount_Inc-Inc","1"
"96","KAR29","Dalits","SC","T1 in.","T2 as.","KAR","Colony","Dec-Inc","Dec-Inc","Dec-Inc","Dec-Inc","Dec-Inc","sbd_dsr_Dec-Inc","sbd_dar_Dec-Inc","sbd_assets_noland_Dec-Inc","sbd_loanamount_Dec-Inc","2"
"97","KAR3","Middle","Vanniyar","T2 in.","T2 as.","KAR","Ur","Sta-Dec","Inc-Inc","Dec-Inc","Dec-Inc","Dec-Inc","sbd_dsr_Dec-Inc","sbd_dar_Dec-Inc","sbd_assets_noland_Inc-Inc","sbd_loanamount_Dec-Inc","2"
"98","KAR30","Middle","Vanniyar","T1 in.","T1 as.","KAR","Ur","Inc-Dec","Inc-Inc","Inc-Inc","Inc-Inc","Dec-Dec","sbd_dsr_Inc-Inc","sbd_dar_Dec-Dec","sbd_assets_noland_Inc-Inc","sbd_loanamount_Inc-Inc","3"
"99","KAR32","Middle","Vanniyar","T1 in.","T1 as.","KAR","Ur","Inc-Dec","Dec-Inc","Inc-Dec","Inc-Inc","Dec-Dec","sbd_dsr_Inc-Inc","sbd_dar_Dec-Dec","sbd_assets_noland_Dec-Inc","sbd_loanamount_Inc-Dec","3"
"100","KAR33","Dalits","SC","T3 in.","T1 as.","KAR","Colony","Dec-Sta","Dec-Inc","Dec-Inc","Inc-Inc","Dec-Inc","sbd_dsr_Inc-Inc","sbd_dar_Dec-Inc","sbd_assets_noland_Dec-Inc","sbd_loanamount_Dec-Inc","2"
"101","KAR34","Dalits","SC","T1 in.","T1 as.","KAR","Colony","Inc-Dec","Dec-Inc","Inc-Inc","Inc-Inc","Dec-Dec","sbd_dsr_Inc-Inc","sbd_dar_Dec-Dec","sbd_assets_noland_Dec-Inc","sbd_loanamount_Inc-Inc","3"
"102","KAR35","Middle","Vanniyar","T2 in.","T3 as.","KAR","Ur","Dec-Inc","Inc-Inc","Inc-Inc","Inc-Inc","Dec-Dec","sbd_dsr_Inc-Inc","sbd_dar_Dec-Dec","sbd_assets_noland_Inc-Inc","sbd_loanamount_Inc-Inc","3"
"103","KAR36","Middle","Vanniyar","T1 in.","T3 as.","KAR","Ur","Inc-Dec","Inc-Inc","Inc-Inc","Sta-Dec","Inc-Inc","sbd_dsr_Sta-Dec","sbd_dar_Inc-Inc","sbd_assets_noland_Inc-Inc","sbd_loanamount_Inc-Inc","3"
"104","KAR38","Middle","Vanniyar","T3 in.","T3 as.","KAR","Ur","Inc-Dec","Dec-Dec","Inc-Inc","Dec-Inc","Inc-Inc","sbd_dsr_Dec-Inc","sbd_dar_Inc-Inc","sbd_assets_noland_Dec-Dec","sbd_loanamount_Inc-Inc","2"
"105","KAR42","Dalits","SC","T2 in.","T1 as.","KAR","Colony","Dec-Inc","Inc-Inc","Dec-Inc","Dec-Dec","Dec-Dec","sbd_dsr_Dec-Dec","sbd_dar_Dec-Dec","sbd_assets_noland_Inc-Inc","sbd_loanamount_Dec-Inc","2"
"106","KAR43","Dalits","SC","T1 in.","T1 as.","KAR","Colony","Dec-Inc","Inc-Inc","Inc-Dec","Dec-Inc","Dec-Dec","sbd_dsr_Dec-Inc","sbd_dar_Dec-Dec","sbd_assets_noland_Inc-Inc","sbd_loanamount_Inc-Dec","2"
"107","KAR44","Middle","Vanniyar","T3 in.","T3 as.","KAR","Ur","Dec-Inc","DEC-INC","Dec-Inc","Dec-Dec","Dec-Dec","sbd_dsr_Dec-Dec","sbd_dar_Dec-Dec","sbd_assets_noland_DEC-INC","sbd_loanamount_Dec-Inc","2"
"108","KAR45","Middle","Vanniyar","T2 in.","T3 as.","KAR","Ur","Dec-Inc","Inc-Inc","Inc-Inc","Dec-Dec","Inc-Inc","sbd_dsr_Dec-Dec","sbd_dar_Inc-Inc","sbd_assets_noland_Inc-Inc","sbd_loanamount_Inc-Inc","1"
"109","KAR46","Middle","Vanniyar","T1 in.","T2 as.","KAR","Ur","Dec-Inc","Inc-Inc","Inc-Inc","Dec-Dec","Dec-Dec","sbd_dsr_Dec-Dec","sbd_dar_Dec-Dec","sbd_assets_noland_Inc-Inc","sbd_loanamount_Inc-Inc","3"
"110","KAR47","Dalits","SC","T2 in.","T1 as.","KAR","Colony","Inc-Dec","Dec-Inc","Inc-Inc","Inc-Inc","Inc-Inc","sbd_dsr_Inc-Inc","sbd_dar_Inc-Inc","sbd_assets_noland_Dec-Inc","sbd_loanamount_Inc-Inc","1"
"111","KAR48","Upper","Yathavar","T2 in.","T3 as.","KAR","Ur","Inc-Dec","Inc-Inc","Inc-Inc","Dec-Inc","Inc-Inc","sbd_dsr_Dec-Inc","sbd_dar_Inc-Inc","sbd_assets_noland_Inc-Inc","sbd_loanamount_Inc-Inc","2"
"112","KAR49","Dalits","SC","T2 in.","T1 as.","KAR","Colony","Inc-Dec","Dec-Inc","Inc-Inc","Inc-Inc","Dec-Dec","sbd_dsr_Inc-Inc","sbd_dar_Dec-Dec","sbd_assets_noland_Dec-Inc","sbd_loanamount_Inc-Inc","3"
"113","KAR50","Middle","Vanniyar","T1 in.","T2 as.","KAR","Ur","Inc-Dec","DEC-INC","Inc-Inc","Inc-Inc","Inc-Dec","sbd_dsr_Inc-Inc","sbd_dar_Inc-Dec","sbd_assets_noland_DEC-INC","sbd_loanamount_Inc-Inc","4"
"114","KAR6","Dalits","SC","T1 in.","T1 as.","KAR","Colony","Inc-Dec","Dec-Inc","Inc-Inc","Inc-Inc","Inc-Inc","sbd_dsr_Inc-Inc","sbd_dar_Inc-Inc","sbd_assets_noland_Dec-Inc","sbd_loanamount_Inc-Inc","1"
"115","KAR7","Middle","Vanniyar","T1 in.","T1 as.","KAR","Ur","Inc-Dec","Inc-Inc","Inc-Dec","Dec-Dec","Dec-Dec","sbd_dsr_Dec-Dec","sbd_dar_Dec-Dec","sbd_assets_noland_Inc-Inc","sbd_loanamount_Inc-Dec","3"
"116","KAR8","Dalits","SC","T1 in.","T1 as.","KAR","Colony","Inc-Dec","Dec-Inc","Dec-Inc","Inc-Inc","Dec-Inc","sbd_dsr_Inc-Inc","sbd_dar_Dec-Inc","sbd_assets_noland_Dec-Inc","sbd_loanamount_Dec-Inc","2"
"117","KAR9","Dalits","SC","T2 in.","T1 as.","KAR","Colony","Inc-Dec","Inc-Inc","Inc-Dec","Dec-Dec","Dec-Dec","sbd_dsr_Dec-Dec","sbd_dar_Dec-Dec","sbd_assets_noland_Inc-Inc","sbd_loanamount_Inc-Dec","3"
"118","KOR1","Middle","Vanniyar","T2 in.","T2 as.","KOR","Ur","Dec-Inc","Dec-Inc","Inc-Inc","Inc-Inc","Inc-Dec","sbd_dsr_Inc-Inc","sbd_dar_Inc-Dec","sbd_assets_noland_Dec-Inc","sbd_loanamount_Inc-Inc","4"
"119","KOR10","Dalits","SC","T3 in.","T2 as.","KOR","Colony","Sta-Dec","Dec-Dec","Inc-Dec","INC-INC","Inc-Inc","sbd_dsr_INC-INC","sbd_dar_Inc-Inc","sbd_assets_noland_Dec-Dec","sbd_loanamount_Inc-Dec","4"
"120","KOR11","Middle","Vanniyar","T2 in.","T1 as.","KOR","Ur","Dec-Inc","Inc-Inc","Inc-Inc","Inc-Inc","Inc-Inc","sbd_dsr_Inc-Inc","sbd_dar_Inc-Inc","sbd_assets_noland_Inc-Inc","sbd_loanamount_Inc-Inc","1"
"121","KOR14","Middle","Vanniyar","T1 in.","T1 as.","KOR","Ur","Inc-Dec","Inc-Inc","Inc-Inc","Inc-Inc","Dec-Dec","sbd_dsr_Inc-Inc","sbd_dar_Dec-Dec","sbd_assets_noland_Inc-Inc","sbd_loanamount_Inc-Inc","3"
"122","KOR15","Dalits","SC","T2 in.","T2 as.","KOR","Colony","Dec-Inc","Dec-Inc","Inc-Inc","Inc-Inc","Inc-Inc","sbd_dsr_Inc-Inc","sbd_dar_Inc-Inc","sbd_assets_noland_Dec-Inc","sbd_loanamount_Inc-Inc","1"
"123","KOR16","Middle","Vanniyar","T1 in.","T3 as.","KOR","Ur","Dec-Inc","Inc-Inc","Inc-Inc","Dec-Dec","Dec-Inc","sbd_dsr_Dec-Dec","sbd_dar_Dec-Inc","sbd_assets_noland_Inc-Inc","sbd_loanamount_Inc-Inc","2"
"124","KOR17","Middle","Vanniyar","T1 in.","T1 as.","KOR","Ur","Dec-Inc","Inc-Inc","Inc-Dec","Dec-Dec","Inc-Dec","sbd_dsr_Dec-Dec","sbd_dar_Inc-Dec","sbd_assets_noland_Inc-Inc","sbd_loanamount_Inc-Dec","4"
"125","KOR19","Dalits","SC","T1 in.","T3 as.","KOR","Colony","Inc-Dec","Dec-Dec","Inc-Inc","Dec-Dec","Inc-Inc","sbd_dsr_Dec-Dec","sbd_dar_Inc-Inc","sbd_assets_noland_Dec-Dec","sbd_loanamount_Inc-Inc","1"
"126","KOR2","Dalits","SC","T1 in.","T2 as.","KOR","Colony","Inc-Dec","DEC-INC","Inc-Dec","Dec-Dec","Inc-Dec","sbd_dsr_Dec-Dec","sbd_dar_Inc-Dec","sbd_assets_noland_DEC-INC","sbd_loanamount_Inc-Dec","4"
"127","KOR20","Middle","Vanniyar","T3 in.","T3 as.","KOR","Ur","Sta-Dec","Dec-Dec","Inc-Dec","Inc-Inc","Inc-Dec","sbd_dsr_Inc-Inc","sbd_dar_Inc-Dec","sbd_assets_noland_Dec-Dec","sbd_loanamount_Inc-Dec","4"
"128","KOR22","Middle","Vanniyar","T2 in.","T3 as.","KOR","Ur","Inc-Dec","DEC-INC","Inc-Dec","Dec-Dec","Inc-Dec","sbd_dsr_Dec-Dec","sbd_dar_Inc-Dec","sbd_assets_noland_DEC-INC","sbd_loanamount_Inc-Dec","4"
"129","KOR23","Dalits","SC","T2 in.","T2 as.","KOR","Colony","Dec-Inc","Inc-Inc","Inc-Inc","Inc-Inc","Inc-Inc","sbd_dsr_Inc-Inc","sbd_dar_Inc-Inc","sbd_assets_noland_Inc-Inc","sbd_loanamount_Inc-Inc","1"
"130","KOR24","Middle","Vanniyar","T3 in.","T2 as.","KOR","Ur","Inc-Dec","Inc-Inc","Inc-Inc","Dec-Dec","Dec-Dec","sbd_dsr_Dec-Dec","sbd_dar_Dec-Dec","sbd_assets_noland_Inc-Inc","sbd_loanamount_Inc-Inc","3"
"131","KOR25","Dalits","SC","T2 in.","T1 as.","KOR","Colony","Sta-Dec","Dec-Inc","Inc-Inc","Inc-Inc","Inc-Dec","sbd_dsr_Inc-Inc","sbd_dar_Inc-Dec","sbd_assets_noland_Dec-Inc","sbd_loanamount_Inc-Inc","4"
"132","KOR26","Dalits","SC","T3 in.","T2 as.","KOR","Colony","Sta-Dec","Dec-Dec","Inc-Inc","INC-INC","Inc-Inc","sbd_dsr_INC-INC","sbd_dar_Inc-Inc","sbd_assets_noland_Dec-Dec","sbd_loanamount_Inc-Inc","1"
"133","KOR27","Middle","Vanniyar","T2 in.","T3 as.","KOR","Ur","Dec-Inc","Dec-Dec","Inc-Dec","Dec-Inc","Dec-Dec","sbd_dsr_Dec-Inc","sbd_dar_Dec-Dec","sbd_assets_noland_Dec-Dec","sbd_loanamount_Inc-Dec","2"
"134","KOR29","Middle","Vanniyar","T3 in.","T2 as.","KOR","Ur","Dec-Sta","Dec-Dec","Inc-Dec","Inc-Inc","Dec-Dec","sbd_dsr_Inc-Inc","sbd_dar_Dec-Dec","sbd_assets_noland_Dec-Dec","sbd_loanamount_Inc-Dec","3"
"135","KOR3","Middle","Vanniyar","T3 in.","T3 as.","KOR","Ur","Sta-Dec","Dec-Dec","Inc-Inc","Dec-Dec","Inc-Inc","sbd_dsr_Dec-Dec","sbd_dar_Inc-Inc","sbd_assets_noland_Dec-Dec","sbd_loanamount_Inc-Inc","1"
"136","KOR30","Dalits","SC","T3 in.","T2 as.","KOR","Colony","Inc-Dec","Dec-Inc","Inc-Inc","Inc-Inc","Inc-Dec","sbd_dsr_Inc-Inc","sbd_dar_Inc-Dec","sbd_assets_noland_Dec-Inc","sbd_loanamount_Inc-Inc","4"
"137","KOR32","Dalits","SC","T2 in.","T2 as.","KOR","Colony","Dec-Inc","Dec-Inc","Inc-Dec","INC-INC","Inc-Dec","sbd_dsr_INC-INC","sbd_dar_Inc-Dec","sbd_assets_noland_Dec-Inc","sbd_loanamount_Inc-Dec","4"
"138","KOR33","Upper","Naidu","T3 in.","T3 as.","KOR","Ur","Dec-Inc","Inc-Inc","Inc-Inc","Sta-Dec","Dec-Dec","sbd_dsr_Sta-Dec","sbd_dar_Dec-Dec","sbd_assets_noland_Inc-Inc","sbd_loanamount_Inc-Inc","3"
"139","KOR34","Middle","Vanniyar","T1 in.","T2 as.","KOR","Ur","Dec-Inc","Dec-Inc","Inc-Inc","Inc-Inc","Inc-Inc","sbd_dsr_Inc-Inc","sbd_dar_Inc-Inc","sbd_assets_noland_Dec-Inc","sbd_loanamount_Inc-Inc","1"
"140","KOR35","Dalits","SC","T2 in.","T2 as.","KOR","Colony","Dec-Inc","Dec-Inc","Inc-Inc","Inc-Inc","Inc-Inc","sbd_dsr_Inc-Inc","sbd_dar_Inc-Inc","sbd_assets_noland_Dec-Inc","sbd_loanamount_Inc-Inc","1"
"141","KOR36","Dalits","SC","T1 in.","T2 as.","KOR","Colony","Sta-Dec","Dec-Inc","Inc-Inc","Dec-Dec","Inc-Dec","sbd_dsr_Dec-Dec","sbd_dar_Inc-Dec","sbd_assets_noland_Dec-Inc","sbd_loanamount_Inc-Inc","4"
"142","KOR37","Dalits","SC","T2 in.","T3 as.","KOR","Colony","Inc-Dec","Dec-Dec","Inc-Dec","Dec-Dec","Inc-Dec","sbd_dsr_Dec-Dec","sbd_dar_Inc-Dec","sbd_assets_noland_Dec-Dec","sbd_loanamount_Inc-Dec","4"
"143","KOR38","Dalits","SC","T3 in.","T1 as.","KOR","Colony","Sta-Dec","Inc-Inc","Inc-Dec","INC-INC","Dec-Dec","sbd_dsr_INC-INC","sbd_dar_Dec-Dec","sbd_assets_noland_Inc-Inc","sbd_loanamount_Inc-Dec","3"
"144","KOR39","Middle","Vanniyar","T1 in.","T3 as.","KOR","Ur","Dec-Inc","Inc-Inc","Inc-Inc","Inc-Inc","Dec-Inc","sbd_dsr_Inc-Inc","sbd_dar_Dec-Inc","sbd_assets_noland_Inc-Inc","sbd_loanamount_Inc-Inc","2"
"145","KOR4","Dalits","SC","T1 in.","T2 as.","KOR","Colony","Inc-Dec","Dec-Inc","Inc-Dec","Sta-Dec","Inc-Dec","sbd_dsr_Sta-Dec","sbd_dar_Inc-Dec","sbd_assets_noland_Dec-Inc","sbd_loanamount_Inc-Dec","4"
"146","KOR40","Dalits","SC","T1 in.","T1 as.","KOR","Colony","Inc-Dec","Inc-Inc","Inc-Dec","Dec-Dec","Dec-Dec","sbd_dsr_Dec-Dec","sbd_dar_Dec-Dec","sbd_assets_noland_Inc-Inc","sbd_loanamount_Inc-Dec","3"
"147","KOR41","Dalits","SC","T1 in.","T2 as.","KOR","Colony","Dec-Inc","Dec-Inc","Inc-Inc","Dec-Dec","Inc-Inc","sbd_dsr_Dec-Dec","sbd_dar_Inc-Inc","sbd_assets_noland_Dec-Inc","sbd_loanamount_Inc-Inc","4"
"148","KOR42","Middle","Vanniyar","T1 in.","T3 as.","KOR","Ur","Inc-Dec","Dec-Dec","Inc-Inc","Inc-Inc","Inc-Inc","sbd_dsr_Inc-Inc","sbd_dar_Inc-Inc","sbd_assets_noland_Dec-Dec","sbd_loanamount_Inc-Inc","1"
"149","KOR44","Middle","Vanniyar","T1 in.","T1 as.","KOR","Ur","Dec-Inc","Inc-Inc","Inc-Inc","Inc-Inc","Inc-Inc","sbd_dsr_Inc-Inc","sbd_dar_Inc-Inc","sbd_assets_noland_Inc-Inc","sbd_loanamount_Inc-Inc","1"
"150","KOR45","Middle","Vanniyar","T1 in.","T1 as.","KOR","Ur","Dec-Inc","Inc-Inc","Inc-Inc","Inc-Inc","Inc-Inc","sbd_dsr_Inc-Inc","sbd_dar_Inc-Inc","sbd_assets_noland_Inc-Inc","sbd_loanamount_Inc-Inc","1"
"151","KOR5","Dalits","SC","T1 in.","T1 as.","KOR","Colony","Dec-Sta","Inc-Inc","Inc-Inc","Dec-Inc","Dec-Dec","sbd_dsr_Dec-Inc","sbd_dar_Dec-Dec","sbd_assets_noland_Inc-Inc","sbd_loanamount_Inc-Inc","2"
"152","KOR9","Middle","Vanniyar","T1 in.","T1 as.","KOR","Ur","Inc-Dec","Inc-Inc","Inc-Dec","Dec-Dec","Dec-Dec","sbd_dsr_Dec-Dec","sbd_dar_Dec-Dec","sbd_assets_noland_Inc-Inc","sbd_loanamount_Inc-Dec","3"
"153","KUV1","Dalits","SC","T1 in.","T3 as.","KUV","Colony","Inc-Dec","DEC-INC","Inc-Inc","Dec-Dec","Inc-Inc","sbd_dsr_Dec-Dec","sbd_dar_Inc-Inc","sbd_assets_noland_DEC-INC","sbd_loanamount_Inc-Inc","4"
"154","KUV12","Dalits","SC","T1 in.","T1 as.","KUV","Colony","Inc-Dec","Inc-Inc","Inc-Dec","Dec-Dec","Dec-Dec","sbd_dsr_Dec-Dec","sbd_dar_Dec-Dec","sbd_assets_noland_Inc-Inc","sbd_loanamount_Inc-Dec","3"
"155","KUV13","Middle","Vanniyar","T3 in.","T2 as.","KUV","Ur","Dec-Inc","Dec-Inc","Inc-Inc","Dec-Dec","Inc-Dec","sbd_dsr_Dec-Dec","sbd_dar_Inc-Dec","sbd_assets_noland_Dec-Inc","sbd_loanamount_Inc-Inc","4"
"156","KUV14","Middle","Vanniyar","T2 in.","T3 as.","KUV","Ur","Sta-Dec","Dec-Dec","Inc-Inc","Dec-Dec","Dec-Dec","sbd_dsr_Dec-Dec","sbd_dar_Dec-Dec","sbd_assets_noland_Dec-Dec","sbd_loanamount_Inc-Inc","3"
"157","KUV15","Dalits","SC","T1 in.","T2 as.","KUV","Colony","Dec-Inc","DEC-INC","Dec-Inc","Dec-Dec","Inc-Dec","sbd_dsr_Dec-Dec","sbd_dar_Inc-Dec","sbd_assets_noland_DEC-INC","sbd_loanamount_Dec-Inc","4"
"158","KUV17","Dalits","SC","T3 in.","T2 as.","KUV","Colony","Sta-Dec","Dec-Inc","Inc-Inc","Inc-Inc","Dec-Dec","sbd_dsr_Inc-Inc","sbd_dar_Dec-Dec","sbd_assets_noland_Dec-Inc","sbd_loanamount_Inc-Inc","3"
"159","KUV18","Middle","Vanniyar","T1 in.","T1 as.","KUV","Ur","Inc-Dec","Dec-Inc","Inc-Inc","Inc-Inc","Inc-Inc","sbd_dsr_Inc-Inc","sbd_dar_Inc-Inc","sbd_assets_noland_Dec-Inc","sbd_loanamount_Inc-Inc","1"
"160","KUV19","Dalits","SC","T1 in.","T1 as.","KUV","Colony","Dec-Inc","Inc-Inc","Inc-Inc","Dec-Dec","Dec-Dec","sbd_dsr_Dec-Dec","sbd_dar_Dec-Dec","sbd_assets_noland_Inc-Inc","sbd_loanamount_Inc-Inc","3"
"161","KUV2","Middle","Vanniyar","T1 in.","T1 as.","KUV","Ur","Inc-Dec","Dec-Inc","Inc-Dec","Dec-Dec","Inc-Dec","sbd_dsr_Dec-Dec","sbd_dar_Inc-Dec","sbd_assets_noland_Dec-Inc","sbd_loanamount_Inc-Dec","4"
"162","KUV20","Dalits","SC","T2 in.","T1 as.","KUV","Colony","Dec-Inc","Dec-Inc","Inc-Inc","Inc-Inc","Inc-Dec","sbd_dsr_Inc-Inc","sbd_dar_Inc-Dec","sbd_assets_noland_Dec-Inc","sbd_loanamount_Inc-Inc","4"
"163","KUV21","Dalits","SC","T3 in.","T2 as.","KUV","Colony","Dec-Inc","Dec-Inc","Inc-Inc","Dec-Inc","Dec-Dec","sbd_dsr_Dec-Inc","sbd_dar_Dec-Dec","sbd_assets_noland_Dec-Inc","sbd_loanamount_Inc-Inc","2"
"164","KUV22","Middle","Vanniyar","T3 in.","T3 as.","KUV","Ur","Dec-Inc","DEC-INC","Dec-Inc","Dec-Dec","Dec-Dec","sbd_dsr_Dec-Dec","sbd_dar_Dec-Dec","sbd_assets_noland_DEC-INC","sbd_loanamount_Dec-Inc","2"
"165","KUV23","Middle","Vanniyar","T1 in.","T2 as.","KUV","Ur","Dec-Inc","Inc-Inc","Inc-Inc","Dec-Dec","Inc-Inc","sbd_dsr_Dec-Dec","sbd_dar_Inc-Inc","sbd_assets_noland_Inc-Inc","sbd_loanamount_Inc-Inc","1"
"166","KUV26","Middle","Vanniyar","T1 in.","T2 as.","KUV","Ur","Dec-Inc","Dec-Inc","Inc-Inc","Dec-Dec","Inc-Dec","sbd_dsr_Dec-Dec","sbd_dar_Inc-Dec","sbd_assets_noland_Dec-Inc","sbd_loanamount_Inc-Inc","4"
"167","KUV27","Dalits","SC","T2 in.","T2 as.","KUV","Colony","Dec-Inc","Inc-Inc","Inc-Inc","Dec-Dec","Inc-Inc","sbd_dsr_Dec-Dec","sbd_dar_Inc-Inc","sbd_assets_noland_Inc-Inc","sbd_loanamount_Inc-Inc","1"
"168","KUV28","Dalits","SC","T2 in.","T1 as.","KUV","Colony","Inc-Dec","Dec-Inc","Inc-Inc","Inc-Inc","Dec-Dec","sbd_dsr_Inc-Inc","sbd_dar_Dec-Dec","sbd_assets_noland_Dec-Inc","sbd_loanamount_Inc-Inc","3"
"169","KUV29","Dalits","SC","T2 in.","T1 as.","KUV","Colony","Inc-Dec","Inc-Inc","Inc-Inc","Inc-Inc","Dec-Dec","sbd_dsr_Inc-Inc","sbd_dar_Dec-Dec","sbd_assets_noland_Inc-Inc","sbd_loanamount_Inc-Inc","3"
"170","KUV30","Dalits","SC","T1 in.","T1 as.","KUV","Colony","Inc-Dec","DEC-INC","Inc-Inc","Dec-Dec","Inc-Dec","sbd_dsr_Dec-Dec","sbd_dar_Inc-Dec","sbd_assets_noland_DEC-INC","sbd_loanamount_Inc-Inc","4"
"171","KUV31","Middle","Vanniyar","T2 in.","T3 as.","KUV","Ur","Inc-Dec","DEC-INC","Inc-Dec","Dec-Dec","Inc-Dec","sbd_dsr_Dec-Dec","sbd_dar_Inc-Dec","sbd_assets_noland_DEC-INC","sbd_loanamount_Inc-Dec","4"
"172","KUV32","Dalits","SC","T3 in.","T2 as.","KUV","Colony","Inc-Dec","Dec-Inc","Inc-Inc","Inc-Inc","Inc-Inc","sbd_dsr_Inc-Inc","sbd_dar_Inc-Inc","sbd_assets_noland_Dec-Inc","sbd_loanamount_Inc-Inc","1"
"173","KUV34","Middle","Vanniyar","T3 in.","T1 as.","KUV","Ur","Dec-Sta","Inc-Inc","Inc-Inc","INC-INC","Dec-Dec","sbd_dsr_INC-INC","sbd_dar_Dec-Dec","sbd_assets_noland_Inc-Inc","sbd_loanamount_Inc-Inc","3"
"174","KUV35","Middle","Vanniyar","T2 in.","T2 as.","KUV","Ur","Dec-Inc","DEC-INC","Inc-Dec","Sta-Dec","Inc-Dec","sbd_dsr_Sta-Dec","sbd_dar_Inc-Dec","sbd_assets_noland_DEC-INC","sbd_loanamount_Inc-Dec","4"
"175","KUV37","Middle","Vanniyar","T3 in.","T1 as.","KUV","Ur","Dec-Inc","Inc-Inc","Inc-Inc","Inc-Inc","Dec-Inc","sbd_dsr_Inc-Inc","sbd_dar_Dec-Inc","sbd_assets_noland_Inc-Inc","sbd_loanamount_Inc-Inc","2"
"176","KUV38","Middle","Vanniyar","T2 in.","T3 as.","KUV","Ur","Inc-Dec","Inc-Inc","Inc-Dec","Dec-Dec","Dec-Dec","sbd_dsr_Dec-Dec","sbd_dar_Dec-Dec","sbd_assets_noland_Inc-Inc","sbd_loanamount_Inc-Dec","3"
"177","KUV39","Middle","Vanniyar","T3 in.","T1 as.","KUV","Ur","Inc-Dec","Dec-Inc","Inc-Dec","Inc-Inc","Dec-Dec","sbd_dsr_Inc-Inc","sbd_dar_Dec-Dec","sbd_assets_noland_Dec-Inc","sbd_loanamount_Inc-Dec","3"
"178","KUV4","Dalits","SC","T3 in.","T2 as.","KUV","Colony","Dec-Inc","Inc-Inc","Inc-Dec","Dec-Dec","Dec-Dec","sbd_dsr_Dec-Dec","sbd_dar_Dec-Dec","sbd_assets_noland_Inc-Inc","sbd_loanamount_Inc-Dec","3"
"179","KUV40","Middle","Vanniyar","T2 in.","T2 as.","KUV","Ur","Inc-Dec","Inc-Inc","Inc-Inc","Inc-Inc","Dec-Inc","sbd_dsr_Inc-Inc","sbd_dar_Dec-Inc","sbd_assets_noland_Inc-Inc","sbd_loanamount_Inc-Inc","2"
"180","KUV41","Middle","Vanniyar","T1 in.","T3 as.","KUV","Ur","Inc-Dec","Dec-Inc","Inc-Dec","Dec-Dec","Inc-Dec","sbd_dsr_Dec-Dec","sbd_dar_Inc-Dec","sbd_assets_noland_Dec-Inc","sbd_loanamount_Inc-Dec","4"
"181","KUV43","Middle","Vanniyar","T1 in.","T2 as.","KUV","Ur","Dec-Inc","Dec-Inc","Inc-Inc","Dec-Inc","Dec-Dec","sbd_dsr_Dec-Inc","sbd_dar_Dec-Dec","sbd_assets_noland_Dec-Inc","sbd_loanamount_Inc-Inc","2"
"182","KUV44","Middle","Vanniyar","T2 in.","T3 as.","KUV","Ur","Dec-Inc","DEC-INC","Inc-Inc","Dec-Dec","Inc-Inc","sbd_dsr_Dec-Dec","sbd_dar_Inc-Inc","sbd_assets_noland_DEC-INC","sbd_loanamount_Inc-Inc","4"
"183","KUV46","Middle","Vanniyar","T2 in.","T3 as.","KUV","Ur","Inc-Dec","Dec-Inc","Dec-Inc","Dec-Dec","Inc-Inc","sbd_dsr_Dec-Dec","sbd_dar_Inc-Inc","sbd_assets_noland_Dec-Inc","sbd_loanamount_Dec-Inc","2"
"184","KUV47","Dalits","SC","T2 in.","T3 as.","KUV","Colony","Inc-Dec","DEC-INC","Inc-Inc","Dec-Dec","Inc-Dec","sbd_dsr_Dec-Dec","sbd_dar_Inc-Dec","sbd_assets_noland_DEC-INC","sbd_loanamount_Inc-Inc","4"
"185","KUV50","Dalits","SC","T2 in.","T2 as.","KUV","Colony","Inc-Dec","Dec-Inc","Inc-Dec","Sta-Dec","Inc-Dec","sbd_dsr_Sta-Dec","sbd_dar_Inc-Dec","sbd_assets_noland_Dec-Inc","sbd_loanamount_Inc-Dec","4"
"186","KUV52","Middle","Vanniyar","T1 in.","T2 as.","KUV","Ur","Sta-Dec","Inc-Inc","Inc-Dec","Inc-Inc","Dec-Dec","sbd_dsr_Inc-Inc","sbd_dar_Dec-Dec","sbd_assets_noland_Inc-Inc","sbd_loanamount_Inc-Dec","3"
"187","KUV6","Middle","Vanniyar","T3 in.","T1 as.","KUV","Ur","Inc-Dec","Inc-Inc","Inc-Inc","Dec-Inc","Dec-Dec","sbd_dsr_Dec-Inc","sbd_dar_Dec-Dec","sbd_assets_noland_Inc-Inc","sbd_loanamount_Inc-Inc","2"
"188","KUV7","Middle","Vanniyar","T3 in.","T3 as.","KUV","Ur","Inc-Dec","DEC-INC","Dec-Inc","Inc-Inc","Inc-Inc","sbd_dsr_Inc-Inc","sbd_dar_Inc-Inc","sbd_assets_noland_DEC-INC","sbd_loanamount_Dec-Inc","2"
"189","KUV9","Dalits","SC","T1 in.","T3 as.","KUV","Colony","Inc-Dec","Inc-Inc","Inc-Inc","Dec-Dec","Dec-Dec","sbd_dsr_Dec-Dec","sbd_dar_Dec-Dec","sbd_assets_noland_Inc-Inc","sbd_loanamount_Inc-Inc","3"
"190","MAN1","Middle","Vanniyar","T2 in.","T1 as.","MAN","Ur","Sta-Dec","Inc-Inc","Inc-Inc","INC-INC","Inc-Inc","sbd_dsr_INC-INC","sbd_dar_Inc-Inc","sbd_assets_noland_Inc-Inc","sbd_loanamount_Inc-Inc","1"
"191","MAN10","Dalits","SC","T3 in.","T2 as.","MAN","Colony","Sta-Dec","Dec-Inc","Inc-Inc","Inc-Inc","Dec-Dec","sbd_dsr_Inc-Inc","sbd_dar_Dec-Dec","sbd_assets_noland_Dec-Inc","sbd_loanamount_Inc-Inc","3"
"192","MAN12","Dalits","SC","T1 in.","T1 as.","MAN","Colony","Dec-Inc","Dec-Inc","Dec-Inc","Inc-Inc","Dec-Dec","sbd_dsr_Inc-Inc","sbd_dar_Dec-Dec","sbd_assets_noland_Dec-Inc","sbd_loanamount_Dec-Inc","2"
"193","MAN13","Dalits","SC","T1 in.","T2 as.","MAN","Colony","Dec-Inc","Dec-Inc","Inc-Inc","Inc-Inc","Inc-Dec","sbd_dsr_Inc-Inc","sbd_dar_Inc-Dec","sbd_assets_noland_Dec-Inc","sbd_loanamount_Inc-Inc","4"
"194","MAN14","Middle","Vanniyar","T3 in.","T2 as.","MAN","Ur","Dec-Inc","Inc-Inc","Inc-Inc","Inc-Inc","Inc-Inc","sbd_dsr_Inc-Inc","sbd_dar_Inc-Inc","sbd_assets_noland_Inc-Inc","sbd_loanamount_Inc-Inc","1"
"195","MAN15","Middle","Vanniyar","T2 in.","T3 as.","MAN","Ur","Dec-Inc","Dec-Dec","Inc-Dec","Dec-Dec","Inc-Dec","sbd_dsr_Dec-Dec","sbd_dar_Inc-Dec","sbd_assets_noland_Dec-Dec","sbd_loanamount_Inc-Dec","4"
"196","MAN16","Dalits","SC","T1 in.","T2 as.","MAN","Colony","Dec-Inc","Inc-Inc","Inc-Inc","Inc-Inc","Inc-Inc","sbd_dsr_Inc-Inc","sbd_dar_Inc-Inc","sbd_assets_noland_Inc-Inc","sbd_loanamount_Inc-Inc","1"
"197","MAN17","Dalits","SC","T1 in.","T1 as.","MAN","Colony","Inc-Dec","Dec-Inc","Inc-Dec","Dec-Dec","Inc-Dec","sbd_dsr_Dec-Dec","sbd_dar_Inc-Dec","sbd_assets_noland_Dec-Inc","sbd_loanamount_Inc-Dec","4"
"198","MAN18","Middle","Vanniyar","T3 in.","T3 as.","MAN","Ur","Inc-Dec","Dec-Dec","Inc-Inc","Inc-Inc","Inc-Inc","sbd_dsr_Inc-Inc","sbd_dar_Inc-Inc","sbd_assets_noland_Dec-Dec","sbd_loanamount_Inc-Inc","1"
"199","MAN19","Middle","Vanniyar","T3 in.","T3 as.","MAN","Ur","Sta-Dec","Dec-Dec","Inc-Inc","Inc-Inc","Inc-Inc","sbd_dsr_Inc-Inc","sbd_dar_Inc-Inc","sbd_assets_noland_Dec-Dec","sbd_loanamount_Inc-Inc","1"
"200","MAN2","Middle","Vanniyar","T2 in.","T3 as.","MAN","Ur","Inc-Dec","Dec-Dec","Inc-Dec","Dec-Dec","Inc-Inc","sbd_dsr_Dec-Dec","sbd_dar_Inc-Inc","sbd_assets_noland_Dec-Dec","sbd_loanamount_Inc-Dec","4"
"201","MAN20","Middle","Vanniyar","T2 in.","T1 as.","MAN","Ur","Inc-Dec","Inc-Inc","Inc-Inc","Inc-Inc","Dec-Dec","sbd_dsr_Inc-Inc","sbd_dar_Dec-Dec","sbd_assets_noland_Inc-Inc","sbd_loanamount_Inc-Inc","3"
"202","MAN21","Dalits","SC","T1 in.","T1 as.","MAN","Colony","Dec-Inc","Inc-Inc","Inc-Inc","Inc-Inc","Inc-Inc","sbd_dsr_Inc-Inc","sbd_dar_Inc-Inc","sbd_assets_noland_Inc-Inc","sbd_loanamount_Inc-Inc","1"
"203","MAN22","Dalits","SC","T1 in.","T1 as.","MAN","Colony","Inc-Dec","Inc-Inc","Inc-Inc","Inc-Inc","Dec-Inc","sbd_dsr_Inc-Inc","sbd_dar_Dec-Inc","sbd_assets_noland_Inc-Inc","sbd_loanamount_Inc-Inc","2"
"204","MAN23","Dalits","SC","T1 in.","T2 as.","MAN","Colony","Dec-Inc","DEC-INC","Inc-Inc","Dec-Inc","Inc-Dec","sbd_dsr_Dec-Inc","sbd_dar_Inc-Dec","sbd_assets_noland_DEC-INC","sbd_loanamount_Inc-Inc","4"
"205","MAN25","Dalits","SC","T1 in.","T1 as.","MAN","Colony","Inc-Dec","DEC-INC","Inc-Inc","Inc-Inc","Inc-Dec","sbd_dsr_Inc-Inc","sbd_dar_Inc-Dec","sbd_assets_noland_DEC-INC","sbd_loanamount_Inc-Inc","4"
"206","MAN26","Middle","Vanniyar","T3 in.","T1 as.","MAN","Ur","Inc-Dec","DEC-INC","Dec-Inc","Inc-Inc","Inc-Dec","sbd_dsr_Inc-Inc","sbd_dar_Inc-Dec","sbd_assets_noland_DEC-INC","sbd_loanamount_Dec-Inc","4"
"207","MAN28","Dalits","SC","T1 in.","T1 as.","MAN","Colony","Inc-Dec","Inc-Inc","Inc-Inc","Dec-Dec","Dec-Inc","sbd_dsr_Dec-Dec","sbd_dar_Dec-Inc","sbd_assets_noland_Inc-Inc","sbd_loanamount_Inc-Inc","2"
"208","MAN31","Dalits","SC","T3 in.","T1 as.","MAN","Colony","Dec-Sta","Inc-Inc","Inc-Inc","INC-INC","Dec-Dec","sbd_dsr_INC-INC","sbd_dar_Dec-Dec","sbd_assets_noland_Inc-Inc","sbd_loanamount_Inc-Inc","3"
"209","MAN32","Dalits","SC","T1 in.","T2 as.","MAN","Colony","Dec-Inc","Dec-Dec","Inc-Inc","Inc-Inc","Inc-Inc","sbd_dsr_Inc-Inc","sbd_dar_Inc-Inc","sbd_assets_noland_Dec-Dec","sbd_loanamount_Inc-Inc","1"
"210","MAN33","Dalits","SC","T1 in.","T2 as.","MAN","Colony","Inc-Dec","Dec-Inc","Inc-Dec","Dec-Dec","Inc-Dec","sbd_dsr_Dec-Dec","sbd_dar_Inc-Dec","sbd_assets_noland_Dec-Inc","sbd_loanamount_Inc-Dec","4"
"211","MAN34","Middle","Vanniyar","T2 in.","T1 as.","MAN","Ur","Dec-Sta","Dec-Dec","Inc-Inc","INC-INC","Inc-Inc","sbd_dsr_INC-INC","sbd_dar_Inc-Inc","sbd_assets_noland_Dec-Dec","sbd_loanamount_Inc-Inc","1"
"212","MAN37","Dalits","SC","T2 in.","T1 as.","MAN","Colony","Inc-Dec","DEC-INC","Inc-Inc","Dec-Dec","Inc-Dec","sbd_dsr_Dec-Dec","sbd_dar_Inc-Dec","sbd_assets_noland_DEC-INC","sbd_loanamount_Inc-Inc","4"
"213","MAN38","Dalits","SC","T1 in.","T1 as.","MAN","Colony","Inc-Dec","DEC-INC","Inc-Dec","Sta-Dec","Inc-Dec","sbd_dsr_Sta-Dec","sbd_dar_Inc-Dec","sbd_assets_noland_DEC-INC","sbd_loanamount_Inc-Dec","4"
"214","MAN39","Dalits","SC","T1 in.","T1 as.","MAN","Colony","Inc-Dec","Inc-Inc","Inc-Dec","Inc-Inc","Dec-Dec","sbd_dsr_Inc-Inc","sbd_dar_Dec-Dec","sbd_assets_noland_Inc-Inc","sbd_loanamount_Inc-Dec","3"
"215","MAN41","Middle","Vanniyar","T1 in.","T1 as.","MAN","Ur","Sta-Dec","Inc-Inc","Inc-Inc","Inc-Inc","Inc-Inc","sbd_dsr_Inc-Inc","sbd_dar_Inc-Inc","sbd_assets_noland_Inc-Inc","sbd_loanamount_Inc-Inc","1"
"216","MAN42","Middle","Vanniyar","T1 in.","T3 as.","MAN","Ur","Dec-Inc","Inc-Inc","Inc-Inc","Inc-Inc","Inc-Inc","sbd_dsr_Inc-Inc","sbd_dar_Inc-Inc","sbd_assets_noland_Inc-Inc","sbd_loanamount_Inc-Inc","1"
"217","MAN43","Dalits","SC","T1 in.","T1 as.","MAN","Colony","Dec-Inc","DEC-INC","Inc-Inc","Dec-Dec","Inc-Dec","sbd_dsr_Dec-Dec","sbd_dar_Inc-Dec","sbd_assets_noland_DEC-INC","sbd_loanamount_Inc-Inc","4"
"218","MAN44","Middle","Vanniyar","T2 in.","T3 as.","MAN","Ur","Dec-Inc","DEC-INC","Inc-Inc","Dec-Dec","Inc-Inc","sbd_dsr_Dec-Dec","sbd_dar_Inc-Inc","sbd_assets_noland_DEC-INC","sbd_loanamount_Inc-Inc","4"
"219","MAN45","Middle","Kulalar","T2 in.","T1 as.","MAN","Ur","Dec-Inc","Inc-Inc","Inc-Inc","Inc-Inc","Dec-Inc","sbd_dsr_Inc-Inc","sbd_dar_Dec-Inc","sbd_assets_noland_Inc-Inc","sbd_loanamount_Inc-Inc","2"
"220","MAN46","Dalits","SC","T3 in.","T3 as.","MAN","Colony","Sta-Dec","DEC-INC","Dec-Inc","INC-INC","Dec-Dec","sbd_dsr_INC-INC","sbd_dar_Dec-Dec","sbd_assets_noland_DEC-INC","sbd_loanamount_Dec-Inc","2"
"221","MAN47","Dalits","SC","T1 in.","T1 as.","MAN","Colony","Dec-Inc","Dec-Inc","Inc-Inc","Dec-Dec","Inc-Inc","sbd_dsr_Dec-Dec","sbd_dar_Inc-Inc","sbd_assets_noland_Dec-Inc","sbd_loanamount_Inc-Inc","4"
"222","MAN49","Dalits","SC","T1 in.","T3 as.","MAN","Colony","Sta-Dec","DEC-INC","Inc-Inc","Inc-Inc","Inc-Dec","sbd_dsr_Inc-Inc","sbd_dar_Inc-Dec","sbd_assets_noland_DEC-INC","sbd_loanamount_Inc-Inc","4"
"223","MAN5","Dalits","SC","T1 in.","T2 as.","MAN","Colony","Dec-Inc","Dec-Inc","Inc-Inc","Inc-Inc","Inc-Inc","sbd_dsr_Inc-Inc","sbd_dar_Inc-Inc","sbd_assets_noland_Dec-Inc","sbd_loanamount_Inc-Inc","1"
"224","MAN50","Middle","Vanniyar","T3 in.","T1 as.","MAN","Ur","Inc-Dec","Dec-Inc","Inc-Inc","Inc-Inc","Inc-Dec","sbd_dsr_Inc-Inc","sbd_dar_Inc-Dec","sbd_assets_noland_Dec-Inc","sbd_loanamount_Inc-Inc","4"
"225","MAN52","Middle","Vanniyar","T3 in.","T3 as.","MAN","Ur","Inc-Dec","Dec-Dec","Inc-Dec","Dec-Dec","Dec-Dec","sbd_dsr_Dec-Dec","sbd_dar_Dec-Dec","sbd_assets_noland_Dec-Dec","sbd_loanamount_Inc-Dec","4"
"226","MAN8","Dalits","SC","T1 in.","T1 as.","MAN","Colony","Dec-Inc","Dec-Inc","Inc-Inc","Inc-Inc","Inc-Inc","sbd_dsr_Inc-Inc","sbd_dar_Inc-Inc","sbd_assets_noland_Dec-Inc","sbd_loanamount_Inc-Inc","1"
"227","MAN9","Middle","Vanniyar","T2 in.","T3 as.","MAN","Ur","Inc-Dec","DEC-INC","Inc-Dec","Inc-Inc","Inc-Dec","sbd_dsr_Inc-Inc","sbd_dar_Inc-Dec","sbd_assets_noland_DEC-INC","sbd_loanamount_Inc-Dec","4"
"228","MANAM1","Dalits","SC","T2 in.","T1 as.","MANAM","Colony","Inc-Dec","Dec-Inc","Inc-Dec","Sta-Dec","Inc-Dec","sbd_dsr_Sta-Dec","sbd_dar_Inc-Dec","sbd_assets_noland_Dec-Inc","sbd_loanamount_Inc-Dec","4"
"229","MANAM10","Dalits","SC","T3 in.","T2 as.","MANAM","Colony","Dec-Inc","Dec-Inc","Dec-Inc","Dec-Inc","Dec-Inc","sbd_dsr_Dec-Inc","sbd_dar_Dec-Inc","sbd_assets_noland_Dec-Inc","sbd_loanamount_Dec-Inc","2"
"230","MANAM13","Middle","Vanniyar","T3 in.","T3 as.","MANAM","Ur","Dec-Inc","Dec-Inc","Inc-Inc","Inc-Inc","Inc-Inc","sbd_dsr_Inc-Inc","sbd_dar_Inc-Inc","sbd_assets_noland_Dec-Inc","sbd_loanamount_Inc-Inc","1"
"231","MANAM14","Upper","Rediyar","T3 in.","T3 as.","MANAM","Ur","Sta-Dec","Inc-Inc","Inc-Dec","INC-INC","Dec-Dec","sbd_dsr_INC-INC","sbd_dar_Dec-Dec","sbd_assets_noland_Inc-Inc","sbd_loanamount_Inc-Dec","3"
"232","MANAM15","Dalits","SC","T3 in.","T1 as.","MANAM","Colony","Dec-Inc","Dec-Inc","Inc-Inc","Inc-Inc","Dec-Dec","sbd_dsr_Inc-Inc","sbd_dar_Dec-Dec","sbd_assets_noland_Dec-Inc","sbd_loanamount_Inc-Inc","3"
"233","MANAM16","Dalits","SC","T2 in.","T2 as.","MANAM","Colony","Inc-Dec","Inc-Inc","Inc-Inc","Inc-Inc","Inc-Dec","sbd_dsr_Inc-Inc","sbd_dar_Inc-Dec","sbd_assets_noland_Inc-Inc","sbd_loanamount_Inc-Inc","4"
"234","MANAM17","Dalits","SC","T1 in.","T1 as.","MANAM","Colony","Dec-Inc","DEC-INC","Inc-Inc","Inc-Inc","Inc-Dec","sbd_dsr_Inc-Inc","sbd_dar_Inc-Dec","sbd_assets_noland_DEC-INC","sbd_loanamount_Inc-Inc","4"
"235","MANAM2","Middle","Vanniyar","T3 in.","T1 as.","MANAM","Ur","Sta-Dec","Dec-Dec","Inc-Dec","Sta-Dec","Inc-Dec","sbd_dsr_Sta-Dec","sbd_dar_Inc-Dec","sbd_assets_noland_Dec-Dec","sbd_loanamount_Inc-Dec","4"
"236","MANAM20","Dalits","SC","T3 in.","T2 as.","MANAM","Colony","Dec-Inc","Inc-Inc","Inc-Inc","Inc-Inc","Inc-Inc","sbd_dsr_Inc-Inc","sbd_dar_Inc-Inc","sbd_assets_noland_Inc-Inc","sbd_loanamount_Inc-Inc","1"
"237","MANAM21","Middle","Vanniyar","T2 in.","T3 as.","MANAM","Ur","Dec-Inc","Dec-Dec","Inc-Inc","Dec-Dec","Dec-Dec","sbd_dsr_Dec-Dec","sbd_dar_Dec-Dec","sbd_assets_noland_Dec-Dec","sbd_loanamount_Inc-Inc","3"
"238","MANAM22","Dalits","SC","T1 in.","T1 as.","MANAM","Colony","Inc-Dec","Inc-Inc","Dec-Inc","Inc-Inc","Dec-Inc","sbd_dsr_Inc-Inc","sbd_dar_Dec-Inc","sbd_assets_noland_Inc-Inc","sbd_loanamount_Dec-Inc","2"
"239","MANAM23","Dalits","SC","T1 in.","T3 as.","MANAM","Colony","Dec-Inc","Dec-Inc","Dec-Inc","Dec-Inc","Dec-Inc","sbd_dsr_Dec-Inc","sbd_dar_Dec-Inc","sbd_assets_noland_Dec-Inc","sbd_loanamount_Dec-Inc","2"
"240","MANAM24","Dalits","SC","T3 in.","T2 as.","MANAM","Colony","Dec-Inc","Dec-Inc","Inc-Inc","Dec-Inc","Dec-Dec","sbd_dsr_Dec-Inc","sbd_dar_Dec-Dec","sbd_assets_noland_Dec-Inc","sbd_loanamount_Inc-Inc","2"
"241","MANAM25","Dalits","SC","T1 in.","T1 as.","MANAM","Colony","Inc-Dec","Inc-Inc","Inc-Inc","Inc-Inc","Inc-Inc","sbd_dsr_Inc-Inc","sbd_dar_Inc-Inc","sbd_assets_noland_Inc-Inc","sbd_loanamount_Inc-Inc","1"
"242","MANAM26","Dalits","Arunthathiyar","T3 in.","T1 as.","MANAM","Colony","Inc-Dec","Inc-Inc","Inc-Inc","Inc-Inc","Inc-Inc","sbd_dsr_Inc-Inc","sbd_dar_Inc-Inc","sbd_assets_noland_Inc-Inc","sbd_loanamount_Inc-Inc","1"
"243","MANAM28","Dalits","SC","T2 in.","T1 as.","MANAM","Colony","Inc-Dec","DEC-INC","Dec-Inc","Dec-Dec","Inc-Dec","sbd_dsr_Dec-Dec","sbd_dar_Inc-Dec","sbd_assets_noland_DEC-INC","sbd_loanamount_Dec-Inc","4"
"244","MANAM3","Dalits","SC","T1 in.","T1 as.","MANAM","Colony","Dec-Inc","Inc-Inc","Inc-Inc","Inc-Inc","Inc-Inc","sbd_dsr_Inc-Inc","sbd_dar_Inc-Inc","sbd_assets_noland_Inc-Inc","sbd_loanamount_Inc-Inc","1"
"245","MANAM30","Middle","Vanniyar","T3 in.","T3 as.","MANAM","Ur","Inc-Dec","Dec-Dec","Inc-Dec","Dec-Dec","Inc-Inc","sbd_dsr_Dec-Dec","sbd_dar_Inc-Inc","sbd_assets_noland_Dec-Dec","sbd_loanamount_Inc-Dec","4"
"246","MANAM31","Upper","Naidu","T3 in.","T3 as.","MANAM","Ur","Sta-Dec","Inc-Inc","Inc-Inc","Sta-Dec","Inc-Dec","sbd_dsr_Sta-Dec","sbd_dar_Inc-Dec","sbd_assets_noland_Inc-Inc","sbd_loanamount_Inc-Inc","4"
"247","MANAM32","Upper","Rediyar","T2 in.","T2 as.","MANAM","Ur","Dec-Inc","Inc-Inc","Inc-Inc","Inc-Inc","Inc-Inc","sbd_dsr_Inc-Inc","sbd_dar_Inc-Inc","sbd_assets_noland_Inc-Inc","sbd_loanamount_Inc-Inc","1"
"248","MANAM33","Dalits","SC","T3 in.","T2 as.","MANAM","Colony","Sta-Dec","Dec-Dec","Inc-Inc","Inc-Inc","Inc-Inc","sbd_dsr_Inc-Inc","sbd_dar_Inc-Inc","sbd_assets_noland_Dec-Dec","sbd_loanamount_Inc-Inc","1"
"249","MANAM36","Middle","Vanniyar","T2 in.","T3 as.","MANAM","Ur","Inc-Dec","Dec-Inc","Inc-Inc","Inc-Inc","Inc-Inc","sbd_dsr_Inc-Inc","sbd_dar_Inc-Inc","sbd_assets_noland_Dec-Inc","sbd_loanamount_Inc-Inc","1"
"250","MANAM37","Dalits","SC","T2 in.","T1 as.","MANAM","Colony","Dec-Inc","Dec-Inc","Inc-Inc","Inc-Inc","Inc-Inc","sbd_dsr_Inc-Inc","sbd_dar_Inc-Inc","sbd_assets_noland_Dec-Inc","sbd_loanamount_Inc-Inc","1"
"251","MANAM38","Dalits","SC","T1 in.","T1 as.","MANAM","Colony","Inc-Dec","Dec-Inc","Dec-Inc","Dec-Dec","Dec-Dec","sbd_dsr_Dec-Dec","sbd_dar_Dec-Dec","sbd_assets_noland_Dec-Inc","sbd_loanamount_Dec-Inc","2"
"252","MANAM39","Middle","Asarai","T3 in.","T1 as.","MANAM","Ur","Inc-Dec","Inc-Inc","Inc-Inc","Inc-Inc","Dec-Dec","sbd_dsr_Inc-Inc","sbd_dar_Dec-Dec","sbd_assets_noland_Inc-Inc","sbd_loanamount_Inc-Inc","3"
"253","MANAM4","Middle","Vanniyar","T3 in.","T3 as.","MANAM","Ur","Sta-Dec","Inc-Inc","Inc-Inc","INC-INC","Dec-Inc","sbd_dsr_INC-INC","sbd_dar_Dec-Inc","sbd_assets_noland_Inc-Inc","sbd_loanamount_Inc-Inc","2"
"254","MANAM41","Dalits","SC","T3 in.","T2 as.","MANAM","Colony","Inc-Dec","Inc-Inc","Inc-Inc","Inc-Inc","Dec-Dec","sbd_dsr_Inc-Inc","sbd_dar_Dec-Dec","sbd_assets_noland_Inc-Inc","sbd_loanamount_Inc-Inc","3"
"255","MANAM42","Dalits","SC","T2 in.","T1 as.","MANAM","Colony","Dec-Inc","Inc-Inc","Inc-Inc","Dec-Dec","Inc-Inc","sbd_dsr_Dec-Dec","sbd_dar_Inc-Inc","sbd_assets_noland_Inc-Inc","sbd_loanamount_Inc-Inc","1"
"256","MANAM43","Dalits","SC","T2 in.","T2 as.","MANAM","Colony","Dec-Inc","Dec-Inc","Inc-Inc","Inc-Inc","Inc-Inc","sbd_dsr_Inc-Inc","sbd_dar_Inc-Inc","sbd_assets_noland_Dec-Inc","sbd_loanamount_Inc-Inc","1"
"257","MANAM45","Dalits","SC","T3 in.","T1 as.","MANAM","Colony","Inc-Dec","Dec-Inc","Inc-Inc","INC-INC","Inc-Dec","sbd_dsr_INC-INC","sbd_dar_Inc-Dec","sbd_assets_noland_Dec-Inc","sbd_loanamount_Inc-Inc","4"
"258","MANAM47","Dalits","SC","T2 in.","T2 as.","MANAM","Colony","Inc-Dec","Inc-Inc","Inc-Inc","INC-INC","Inc-Inc","sbd_dsr_INC-INC","sbd_dar_Inc-Inc","sbd_assets_noland_Inc-Inc","sbd_loanamount_Inc-Inc","1"
"259","MANAM48","Dalits","SC","T3 in.","T1 as.","MANAM","Colony","Sta-Dec","Inc-Inc","Inc-Inc","Inc-Inc","Inc-Inc","sbd_dsr_Inc-Inc","sbd_dar_Inc-Inc","sbd_assets_noland_Inc-Inc","sbd_loanamount_Inc-Inc","1"
"260","MANAM49","Dalits","SC","T2 in.","T2 as.","MANAM","Colony","Dec-Inc","Dec-Dec","Inc-Dec","Dec-Dec","Inc-Inc","sbd_dsr_Dec-Dec","sbd_dar_Inc-Inc","sbd_assets_noland_Dec-Dec","sbd_loanamount_Inc-Dec","4"
"261","MANAM5","Dalits","SC","T3 in.","T2 as.","MANAM","Colony","Inc-Dec","Inc-Inc","Inc-Inc","Inc-Inc","Inc-Inc","sbd_dsr_Inc-Inc","sbd_dar_Inc-Inc","sbd_assets_noland_Inc-Inc","sbd_loanamount_Inc-Inc","1"
"262","MANAM50","Upper","Naidu","T3 in.","T3 as.","MANAM","Ur","Dec-Inc","Inc-Inc","Inc-Inc","Sta-Dec","Inc-Inc","sbd_dsr_Sta-Dec","sbd_dar_Inc-Inc","sbd_assets_noland_Inc-Inc","sbd_loanamount_Inc-Inc","3"
"263","MANAM51","Upper","Rediyar","T3 in.","T3 as.","MANAM","Ur","Dec-Inc","Dec-Inc","Inc-Inc","Dec-Dec","Inc-Dec","sbd_dsr_Dec-Dec","sbd_dar_Inc-Dec","sbd_assets_noland_Dec-Inc","sbd_loanamount_Inc-Inc","4"
"264","MANAM8","Dalits","SC","T3 in.","T3 as.","MANAM","Colony","Dec-Inc","Dec-Inc","Dec-Inc","Dec-Dec","Dec-Dec","sbd_dsr_Dec-Dec","sbd_dar_Dec-Dec","sbd_assets_noland_Dec-Inc","sbd_loanamount_Dec-Inc","2"
"265","MANAM9","Dalits","SC","T3 in.","T1 as.","MANAM","Colony","Inc-Dec","Inc-Inc","Inc-Dec","Inc-Inc","Inc-Dec","sbd_dsr_Inc-Inc","sbd_dar_Inc-Dec","sbd_assets_noland_Inc-Inc","sbd_loanamount_Inc-Dec","4"
"266","NAT1","Dalits","SC","T1 in.","T1 as.","NAT","Colony","Inc-Dec","Inc-Inc","Inc-Dec","Dec-Dec","Inc-Dec","sbd_dsr_Dec-Dec","sbd_dar_Inc-Dec","sbd_assets_noland_Inc-Inc","sbd_loanamount_Inc-Dec","4"
"267","NAT10","Dalits","SC","T1 in.","T2 as.","NAT","Colony","Dec-Inc","Dec-Dec","Inc-Inc","Sta-Dec","Inc-Inc","sbd_dsr_Sta-Dec","sbd_dar_Inc-Inc","sbd_assets_noland_Dec-Dec","sbd_loanamount_Inc-Inc","4"
"268","NAT11","Dalits","SC","T3 in.","T3 as.","NAT","Colony","Dec-Inc","Dec-Dec","Inc-Dec","INC-INC","Inc-Dec","sbd_dsr_INC-INC","sbd_dar_Inc-Dec","sbd_assets_noland_Dec-Dec","sbd_loanamount_Inc-Dec","4"
"269","NAT12","Upper","Rediyar","T3 in.","T2 as.","NAT","Ur","Inc-Dec","Inc-Inc","Inc-Inc","Inc-Inc","Inc-Inc","sbd_dsr_Inc-Inc","sbd_dar_Inc-Inc","sbd_assets_noland_Inc-Inc","sbd_loanamount_Inc-Inc","1"
"270","NAT13","Dalits","SC","T1 in.","T2 as.","NAT","Colony","Sta-Dec","Dec-Inc","Inc-Inc","Inc-Inc","Inc-Inc","sbd_dsr_Inc-Inc","sbd_dar_Inc-Inc","sbd_assets_noland_Dec-Inc","sbd_loanamount_Inc-Inc","1"
"271","NAT14","Dalits","SC","T2 in.","T1 as.","NAT","Colony","Inc-Dec","DEC-INC","Inc-Dec","Sta-Dec","Inc-Dec","sbd_dsr_Sta-Dec","sbd_dar_Inc-Dec","sbd_assets_noland_DEC-INC","sbd_loanamount_Inc-Dec","4"
"272","NAT15","Dalits","SC","T3 in.","T3 as.","NAT","Colony","Sta-Dec","Dec-Dec","Inc-Inc","INC-INC","Dec-Dec","sbd_dsr_INC-INC","sbd_dar_Dec-Dec","sbd_assets_noland_Dec-Dec","sbd_loanamount_Inc-Inc","1"
"273","NAT16","Dalits","SC","T3 in.","T3 as.","NAT","Colony","Dec-Inc","Dec-Inc","Dec-Inc","Inc-Inc","Dec-Dec","sbd_dsr_Inc-Inc","sbd_dar_Dec-Dec","sbd_assets_noland_Dec-Inc","sbd_loanamount_Dec-Inc","2"
"274","NAT17","Middle","Vanniyar","T1 in.","T2 as.","NAT","Ur","Dec-Inc","Dec-Dec","Inc-Inc","Dec-Dec","Dec-Inc","sbd_dsr_Dec-Dec","sbd_dar_Dec-Inc","sbd_assets_noland_Dec-Dec","sbd_loanamount_Inc-Inc","2"
"275","NAT18","Dalits","SC","T2 in.","T3 as.","NAT","Colony","Dec-Inc","Dec-Inc","Dec-Inc","Sta-Dec","Dec-Dec","sbd_dsr_Sta-Dec","sbd_dar_Dec-Dec","sbd_assets_noland_Dec-Inc","sbd_loanamount_Dec-Inc","2"
"276","NAT19","Middle","Vanniyar","T3 in.","T3 as.","NAT","Ur","Dec-Sta","Inc-Inc","Dec-Inc","Inc-Inc","Dec-Inc","sbd_dsr_Inc-Inc","sbd_dar_Dec-Inc","sbd_assets_noland_Inc-Inc","sbd_loanamount_Dec-Inc","2"
"277","NAT2","Dalits","SC","T1 in.","T1 as.","NAT","Colony","Dec-Inc","Inc-Inc","Inc-Inc","INC-INC","Inc-Inc","sbd_dsr_INC-INC","sbd_dar_Inc-Inc","sbd_assets_noland_Inc-Inc","sbd_loanamount_Inc-Inc","1"
"278","NAT20","Middle","Vanniyar","T2 in.","T3 as.","NAT","Ur","Dec-Inc","Inc-Inc","Inc-Inc","Dec-Dec","Inc-Inc","sbd_dsr_Dec-Dec","sbd_dar_Inc-Inc","sbd_assets_noland_Inc-Inc","sbd_loanamount_Inc-Inc","1"
"279","NAT24","Middle","Vanniyar","T2 in.","T3 as.","NAT","Ur","Dec-Inc","Dec-Dec","Inc-Inc","INC-INC","Inc-Inc","sbd_dsr_INC-INC","sbd_dar_Inc-Inc","sbd_assets_noland_Dec-Dec","sbd_loanamount_Inc-Inc","1"
"280","NAT26","Dalits","SC","T1 in.","T2 as.","NAT","Colony","Inc-Dec","Dec-Dec","Inc-Inc","INC-INC","Inc-Inc","sbd_dsr_INC-INC","sbd_dar_Inc-Inc","sbd_assets_noland_Dec-Dec","sbd_loanamount_Inc-Inc","1"
"281","NAT28","Middle","Vanniyar","T3 in.","T2 as.","NAT","Ur","Dec-Inc","Dec-Dec","Inc-Inc","Inc-Inc","Dec-Inc","sbd_dsr_Inc-Inc","sbd_dar_Dec-Inc","sbd_assets_noland_Dec-Dec","sbd_loanamount_Inc-Inc","2"
"282","NAT29","Dalits","SC","T2 in.","T1 as.","NAT","Colony","Inc-Dec","Dec-Dec","Inc-Inc","INC-INC","Inc-Inc","sbd_dsr_INC-INC","sbd_dar_Inc-Inc","sbd_assets_noland_Dec-Dec","sbd_loanamount_Inc-Inc","1"
"283","NAT32","Dalits","SC","T1 in.","T2 as.","NAT","Colony","Dec-Inc","Dec-Inc","Inc-Inc","Dec-Dec","Inc-Inc","sbd_dsr_Dec-Dec","sbd_dar_Inc-Inc","sbd_assets_noland_Dec-Inc","sbd_loanamount_Inc-Inc","4"
"284","NAT33","Dalits","SC","T3 in.","T3 as.","NAT","Colony","Dec-Inc","Inc-Inc","Dec-Inc","Dec-Dec","Dec-Inc","sbd_dsr_Dec-Dec","sbd_dar_Dec-Inc","sbd_assets_noland_Inc-Inc","sbd_loanamount_Dec-Inc","2"
"285","NAT34","Middle","Vanniyar","T2 in.","T2 as.","NAT","Ur","Sta-Dec","Dec-Inc","Inc-Dec","Inc-Inc","Inc-Dec","sbd_dsr_Inc-Inc","sbd_dar_Inc-Dec","sbd_assets_noland_Dec-Inc","sbd_loanamount_Inc-Dec","4"
"286","NAT37","Dalits","SC","T1 in.","T2 as.","NAT","Colony","Dec-Inc","Dec-Inc","Inc-Dec","Dec-Dec","Inc-Dec","sbd_dsr_Dec-Dec","sbd_dar_Inc-Dec","sbd_assets_noland_Dec-Inc","sbd_loanamount_Inc-Dec","4"
"287","NAT38","Dalits","SC","T2 in.","T1 as.","NAT","Colony","Dec-Inc","Dec-Dec","Inc-Inc","Dec-Dec","Inc-Inc","sbd_dsr_Dec-Dec","sbd_dar_Inc-Inc","sbd_assets_noland_Dec-Dec","sbd_loanamount_Inc-Inc","1"
"288","NAT39","Upper","Rediyar","T3 in.","T3 as.","NAT","Ur","Sta-Dec","Inc-Inc","Inc-Inc","INC-INC","Inc-Inc","sbd_dsr_INC-INC","sbd_dar_Inc-Inc","sbd_assets_noland_Inc-Inc","sbd_loanamount_Inc-Inc","1"
"289","NAT4","Dalits","SC","T3 in.","T2 as.","NAT","Colony","Sta-Dec","Dec-Dec","Inc-Inc","INC-INC","Inc-Inc","sbd_dsr_INC-INC","sbd_dar_Inc-Inc","sbd_assets_noland_Dec-Dec","sbd_loanamount_Inc-Inc","1"
"290","NAT41","Middle","Vanniyar","T3 in.","T2 as.","NAT","Ur","Dec-Inc","Dec-Inc","Dec-Inc","Dec-Inc","Dec-Inc","sbd_dsr_Dec-Inc","sbd_dar_Dec-Inc","sbd_assets_noland_Dec-Inc","sbd_loanamount_Dec-Inc","2"
"291","NAT43","Middle","Vanniyar","T1 in.","T2 as.","NAT","Ur","Inc-Dec","Dec-Dec","Dec-Inc","Inc-Inc","Dec-Inc","sbd_dsr_Inc-Inc","sbd_dar_Dec-Inc","sbd_assets_noland_Dec-Dec","sbd_loanamount_Dec-Inc","2"
"292","NAT44","Dalits","SC","T2 in.","T2 as.","NAT","Colony","Dec-Inc","Inc-Inc","Inc-Inc","INC-INC","Dec-Dec","sbd_dsr_INC-INC","sbd_dar_Dec-Dec","sbd_assets_noland_Inc-Inc","sbd_loanamount_Inc-Inc","3"
"293","NAT45","Upper","Rediyar","T1 in.","T2 as.","NAT","Ur","Inc-Dec","Dec-Inc","Inc-Inc","Dec-Dec","Inc-Inc","sbd_dsr_Dec-Dec","sbd_dar_Inc-Inc","sbd_assets_noland_Dec-Inc","sbd_loanamount_Inc-Inc","4"
"294","NAT46","Dalits","SC","T3 in.","T1 as.","NAT","Colony","Dec-Inc","Inc-Inc","Inc-Inc","INC-INC","Inc-Inc","sbd_dsr_INC-INC","sbd_dar_Inc-Inc","sbd_assets_noland_Inc-Inc","sbd_loanamount_Inc-Inc","1"
"295","NAT47","Middle","Vanniyar","T1 in.","T2 as.","NAT","Ur","Inc-Dec","Inc-Inc","Inc-Dec","Dec-Dec","Dec-Dec","sbd_dsr_Dec-Dec","sbd_dar_Dec-Dec","sbd_assets_noland_Inc-Inc","sbd_loanamount_Inc-Dec","3"
"296","NAT48","Middle","Vanniyar","T1 in.","T3 as.","NAT","Ur","Sta-Dec","Inc-Inc","Inc-Inc","Inc-Inc","Inc-Inc","sbd_dsr_Inc-Inc","sbd_dar_Inc-Inc","sbd_assets_noland_Inc-Inc","sbd_loanamount_Inc-Inc","1"
"297","NAT49","Middle","Vanniyar","T3 in.","T1 as.","NAT","Ur","Inc-Dec","Dec-Inc","Inc-Inc","INC-INC","Inc-Dec","sbd_dsr_INC-INC","sbd_dar_Inc-Dec","sbd_assets_noland_Dec-Inc","sbd_loanamount_Inc-Inc","4"
"298","NAT5","Dalits","SC","T3 in.","T3 as.","NAT","Colony","Sta-Dec","Inc-Inc","Inc-Inc","INC-INC","Inc-Inc","sbd_dsr_INC-INC","sbd_dar_Inc-Inc","sbd_assets_noland_Inc-Inc","sbd_loanamount_Inc-Inc","1"
"299","NAT50","Dalits","SC","T2 in.","T1 as.","NAT","Colony","Inc-Dec","Inc-Inc","Dec-Inc","Inc-Inc","Dec-Inc","sbd_dsr_Inc-Inc","sbd_dar_Dec-Inc","sbd_assets_noland_Inc-Inc","sbd_loanamount_Dec-Inc","2"
"300","NAT51","Upper","Naidu","T2 in.","T2 as.","NAT","Ur","Dec-Inc","Inc-Inc","Inc-Inc","Inc-Inc","Inc-Inc","sbd_dsr_Inc-Inc","sbd_dar_Inc-Inc","sbd_assets_noland_Inc-Inc","sbd_loanamount_Inc-Inc","1"
"301","NAT6","Dalits","SC","T1 in.","T1 as.","NAT","Colony","Sta-Dec","Dec-Dec","Dec-Inc","Dec-Inc","Dec-Inc","sbd_dsr_Dec-Inc","sbd_dar_Dec-Inc","sbd_assets_noland_Dec-Dec","sbd_loanamount_Dec-Inc","2"
"302","NAT7","Middle","Vanniyar","T3 in.","T3 as.","NAT","Ur","Inc-Dec","Dec-Inc","Inc-Inc","Dec-Inc","Inc-Inc","sbd_dsr_Dec-Inc","sbd_dar_Inc-Inc","sbd_assets_noland_Dec-Inc","sbd_loanamount_Inc-Inc","2"
"303","NAT9","Middle","Vanniyar","T1 in.","T2 as.","NAT","Ur","Dec-Inc","Dec-Dec","Inc-Inc","INC-INC","Inc-Inc","sbd_dsr_INC-INC","sbd_dar_Inc-Inc","sbd_assets_noland_Dec-Dec","sbd_loanamount_Inc-Inc","1"
"304","ORA1","Middle","Vanniyar","T1 in.","T3 as.","ORA","Ur","Inc-Dec","Inc-Inc","Inc-Inc","Inc-Inc","Inc-Inc","sbd_dsr_Inc-Inc","sbd_dar_Inc-Inc","sbd_assets_noland_Inc-Inc","sbd_loanamount_Inc-Inc","1"
"305","ORA10","Middle","Navithar","T3 in.","T2 as.","ORA","Ur","Dec-Inc","Inc-Inc","Inc-Inc","Inc-Inc","Dec-Inc","sbd_dsr_Inc-Inc","sbd_dar_Dec-Inc","sbd_assets_noland_Inc-Inc","sbd_loanamount_Inc-Inc","2"
"306","ORA12","Dalits","Arunthathiyar","T1 in.","T1 as.","ORA","Colony","Inc-Dec","Dec-Dec","Inc-Inc","Inc-Inc","Inc-Inc","sbd_dsr_Inc-Inc","sbd_dar_Inc-Inc","sbd_assets_noland_Dec-Dec","sbd_loanamount_Inc-Inc","1"
"307","ORA14","Middle","Vanniyar","T1 in.","T2 as.","ORA","Ur","Inc-Dec","Inc-Inc","Inc-Dec","Dec-Dec","Dec-Dec","sbd_dsr_Dec-Dec","sbd_dar_Dec-Dec","sbd_assets_noland_Inc-Inc","sbd_loanamount_Inc-Dec","3"
"308","ORA15","Middle","Vanniyar","T3 in.","T2 as.","ORA","Ur","Inc-Dec","Inc-Inc","Inc-Inc","Inc-Inc","Dec-Dec","sbd_dsr_Inc-Inc","sbd_dar_Dec-Dec","sbd_assets_noland_Inc-Inc","sbd_loanamount_Inc-Inc","3"
"309","ORA17","Dalits","SC","T2 in.","T2 as.","ORA","Colony","Inc-Dec","Dec-Inc","Inc-Inc","Inc-Inc","Inc-Inc","sbd_dsr_Inc-Inc","sbd_dar_Inc-Inc","sbd_assets_noland_Dec-Inc","sbd_loanamount_Inc-Inc","1"
"310","ORA18","Middle","Vanniyar","T3 in.","T3 as.","ORA","Ur","Dec-Inc","Dec-Inc","Inc-Inc","Inc-Inc","Inc-Inc","sbd_dsr_Inc-Inc","sbd_dar_Inc-Inc","sbd_assets_noland_Dec-Inc","sbd_loanamount_Inc-Inc","1"
"311","ORA2","Dalits","SC","T1 in.","T1 as.","ORA","Colony","Inc-Dec","Dec-Inc","Dec-Inc","Inc-Inc","Dec-Inc","sbd_dsr_Inc-Inc","sbd_dar_Dec-Inc","sbd_assets_noland_Dec-Inc","sbd_loanamount_Dec-Inc","2"
"312","ORA21","Middle","Vanniyar","T2 in.","T1 as.","ORA","Ur","Inc-Dec","Inc-Inc","Inc-Dec","Sta-Dec","Dec-Dec","sbd_dsr_Sta-Dec","sbd_dar_Dec-Dec","sbd_assets_noland_Inc-Inc","sbd_loanamount_Inc-Dec","3"
"313","ORA22","Middle","Vanniyar","T2 in.","T2 as.","ORA","Ur","Dec-Inc","Dec-Inc","Inc-Dec","Sta-Dec","Inc-Dec","sbd_dsr_Sta-Dec","sbd_dar_Inc-Dec","sbd_assets_noland_Dec-Inc","sbd_loanamount_Inc-Dec","4"
"314","ORA23","Middle","Vanniyar","T2 in.","T3 as.","ORA","Ur","Inc-Dec","Inc-Inc","Dec-Inc","Dec-Inc","Dec-Inc","sbd_dsr_Dec-Inc","sbd_dar_Dec-Inc","sbd_assets_noland_Inc-Inc","sbd_loanamount_Dec-Inc","2"
"315","ORA24","Dalits","SC","T2 in.","T2 as.","ORA","Colony","Dec-Inc","Dec-Inc","Dec-Inc","Dec-Dec","Inc-Inc","sbd_dsr_Dec-Dec","sbd_dar_Inc-Inc","sbd_assets_noland_Dec-Inc","sbd_loanamount_Dec-Inc","2"
"316","ORA25","Middle","Vanniyar","T3 in.","T3 as.","ORA","Ur","Dec-Sta","Dec-Inc","Dec-Inc","Inc-Inc","Dec-Dec","sbd_dsr_Inc-Inc","sbd_dar_Dec-Dec","sbd_assets_noland_Dec-Inc","sbd_loanamount_Dec-Inc","2"
"317","ORA26","Dalits","SC","T3 in.","T3 as.","ORA","Colony","Sta-Dec","Dec-Dec","Inc-Inc","Inc-Inc","Inc-Inc","sbd_dsr_Inc-Inc","sbd_dar_Inc-Inc","sbd_assets_noland_Dec-Dec","sbd_loanamount_Inc-Inc","1"
"318","ORA27","Dalits","SC","T2 in.","T2 as.","ORA","Colony","Dec-Inc","Inc-Inc","Inc-Inc","Dec-Dec","Dec-Dec","sbd_dsr_Dec-Dec","sbd_dar_Dec-Dec","sbd_assets_noland_Inc-Inc","sbd_loanamount_Inc-Inc","3"
"319","ORA28","Dalits","SC","T2 in.","T2 as.","ORA","Colony","Dec-Inc","Inc-Inc","Dec-Inc","Dec-Inc","Dec-Dec","sbd_dsr_Dec-Inc","sbd_dar_Dec-Dec","sbd_assets_noland_Inc-Inc","sbd_loanamount_Dec-Inc","2"
"320","ORA29","Dalits","SC","T1 in.","T2 as.","ORA","Colony","Dec-Inc","Dec-Inc","Inc-Inc","Inc-Inc","Inc-Inc","sbd_dsr_Inc-Inc","sbd_dar_Inc-Inc","sbd_assets_noland_Dec-Inc","sbd_loanamount_Inc-Inc","1"
"321","ORA30","Middle","Vanniyar","T1 in.","T3 as.","ORA","Ur","Sta-Dec","Dec-Dec","Inc-Inc","INC-INC","Inc-Inc","sbd_dsr_INC-INC","sbd_dar_Inc-Inc","sbd_assets_noland_Dec-Dec","sbd_loanamount_Inc-Inc","1"
"322","ORA32","Dalits","SC","T3 in.","T2 as.","ORA","Colony","Inc-Dec","Dec-Inc","Inc-Inc","Inc-Inc","Dec-Dec","sbd_dsr_Inc-Inc","sbd_dar_Dec-Dec","sbd_assets_noland_Dec-Inc","sbd_loanamount_Inc-Inc","3"
"323","ORA33","Middle","Vanniyar","T2 in.","T1 as.","ORA","Ur","Inc-Dec","Inc-Inc","Inc-Inc","Inc-Inc","Dec-Dec","sbd_dsr_Inc-Inc","sbd_dar_Dec-Dec","sbd_assets_noland_Inc-Inc","sbd_loanamount_Inc-Inc","3"
"324","ORA35","Dalits","SC","T2 in.","T2 as.","ORA","Colony","Dec-Inc","Dec-Inc","Inc-Inc","Inc-Inc","Inc-Dec","sbd_dsr_Inc-Inc","sbd_dar_Inc-Dec","sbd_assets_noland_Dec-Inc","sbd_loanamount_Inc-Inc","4"
"325","ORA36","Middle","Vanniyar","T3 in.","T3 as.","ORA","Ur","Dec-Inc","Dec-Inc","Inc-Inc","Inc-Inc","Dec-Dec","sbd_dsr_Inc-Inc","sbd_dar_Dec-Dec","sbd_assets_noland_Dec-Inc","sbd_loanamount_Inc-Inc","3"
"326","ORA38","Middle","Padayachi","T2 in.","T2 as.","ORA","Ur","Dec-Inc","Inc-Inc","Inc-Dec","Sta-Dec","Dec-Dec","sbd_dsr_Sta-Dec","sbd_dar_Dec-Dec","sbd_assets_noland_Inc-Inc","sbd_loanamount_Inc-Dec","3"
"327","ORA39","Dalits","SC","T2 in.","T1 as.","ORA","Colony","Dec-Inc","Dec-Inc","Inc-Inc","Dec-Inc","Inc-Inc","sbd_dsr_Dec-Inc","sbd_dar_Inc-Inc","sbd_assets_noland_Dec-Inc","sbd_loanamount_Inc-Inc","2"
"328","ORA40","Dalits","SC","T1 in.","T2 as.","ORA","Colony","Inc-Dec","Dec-Inc","Inc-Inc","Inc-Inc","Inc-Inc","sbd_dsr_Inc-Inc","sbd_dar_Inc-Inc","sbd_assets_noland_Dec-Inc","sbd_loanamount_Inc-Inc","1"
"329","ORA41","Dalits","SC","T1 in.","T2 as.","ORA","Colony","Dec-Inc","Inc-Inc","Inc-Inc","Dec-Dec","Dec-Dec","sbd_dsr_Dec-Dec","sbd_dar_Dec-Dec","sbd_assets_noland_Inc-Inc","sbd_loanamount_Inc-Inc","3"
"330","ORA43","Dalits","SC","T2 in.","T2 as.","ORA","Colony","Dec-Inc","Dec-Inc","Inc-Inc","INC-INC","Inc-Inc","sbd_dsr_INC-INC","sbd_dar_Inc-Inc","sbd_assets_noland_Dec-Inc","sbd_loanamount_Inc-Inc","1"
"331","ORA44","Middle","Vanniyar","T3 in.","T3 as.","ORA","Ur","Dec-Sta","Dec-Inc","Inc-Inc","Inc-Inc","Dec-Dec","sbd_dsr_Inc-Inc","sbd_dar_Dec-Dec","sbd_assets_noland_Dec-Inc","sbd_loanamount_Inc-Inc","3"
"332","ORA45","Dalits","SC","T2 in.","T1 as.","ORA","Colony","Inc-Dec","Inc-Inc","Dec-Inc","Inc-Inc","Dec-Dec","sbd_dsr_Inc-Inc","sbd_dar_Dec-Dec","sbd_assets_noland_Inc-Inc","sbd_loanamount_Dec-Inc","2"
"333","ORA46","Dalits","SC","T2 in.","T2 as.","ORA","Colony","Dec-Inc","Dec-Dec","Inc-Inc","INC-INC","Inc-Inc","sbd_dsr_INC-INC","sbd_dar_Inc-Inc","sbd_assets_noland_Dec-Dec","sbd_loanamount_Inc-Inc","1"
"334","ORA47","Middle","Vanniyar","T1 in.","T3 as.","ORA","Ur","Dec-Inc","Inc-Inc","Inc-Inc","Dec-Dec","Dec-Dec","sbd_dsr_Dec-Dec","sbd_dar_Dec-Dec","sbd_assets_noland_Inc-Inc","sbd_loanamount_Inc-Inc","3"
"335","ORA48","Dalits","SC","T2 in.","T1 as.","ORA","Colony","Dec-Inc","Dec-Dec","Inc-Inc","INC-INC","Inc-Inc","sbd_dsr_INC-INC","sbd_dar_Inc-Inc","sbd_assets_noland_Dec-Dec","sbd_loanamount_Inc-Inc","1"
"336","ORA49","Dalits","SC","T2 in.","T2 as.","ORA","Colony","Inc-Dec","Dec-Inc","Inc-Inc","INC-INC","Inc-Inc","sbd_dsr_INC-INC","sbd_dar_Inc-Inc","sbd_assets_noland_Dec-Inc","sbd_loanamount_Inc-Inc","1"
"337","ORA51","Middle","Vanniyar","T1 in.","T3 as.","ORA","Colony","Sta-Dec","Dec-Inc","Dec-Inc","Dec-Dec","Dec-Dec","sbd_dsr_Dec-Dec","sbd_dar_Dec-Dec","sbd_assets_noland_Dec-Inc","sbd_loanamount_Dec-Inc","2"
"338","ORA52","Middle","Vanniyar","T3 in.","T3 as.","ORA","Ur","Inc-Dec","DEC-INC","Dec-Inc","Dec-Inc","Dec-Inc","sbd_dsr_Dec-Inc","sbd_dar_Dec-Inc","sbd_assets_noland_DEC-INC","sbd_loanamount_Dec-Inc","2"
"339","ORA8","Dalits","SC","T2 in.","T3 as.","ORA","Colony","Dec-Inc","Inc-Inc","Inc-Inc","INC-INC","Inc-Inc","sbd_dsr_INC-INC","sbd_dar_Inc-Inc","sbd_assets_noland_Inc-Inc","sbd_loanamount_Inc-Inc","1"
"340","ORA9","Middle","Vanniyar","T3 in.","T3 as.","ORA","Ur","Dec-Inc","Inc-Inc","Inc-Dec","Sta-Dec","Dec-Dec","sbd_dsr_Sta-Dec","sbd_dar_Dec-Dec","sbd_assets_noland_Inc-Inc","sbd_loanamount_Inc-Dec","3"
"341","SEM1","Middle","Muslims","T3 in.","T3 as.","SEM","Ur","Inc-Dec","Dec-Dec","Dec-Inc","Inc-Inc","Dec-Inc","sbd_dsr_Inc-Inc","sbd_dar_Dec-Inc","sbd_assets_noland_Dec-Dec","sbd_loanamount_Dec-Inc","2"
"342","SEM10","Upper","Chettiyar","T2 in.","T3 as.","SEM","Ur","Sta-Dec","Dec-Dec","Inc-Inc","Inc-Inc","Inc-Inc","sbd_dsr_Inc-Inc","sbd_dar_Inc-Inc","sbd_assets_noland_Dec-Dec","sbd_loanamount_Inc-Inc","1"
"343","SEM12","Dalits","SC","T3 in.","T1 as.","SEM","Colony","Inc-Dec","Inc-Inc","Inc-Inc","Dec-Inc","Dec-Dec","sbd_dsr_Dec-Inc","sbd_dar_Dec-Dec","sbd_assets_noland_Inc-Inc","sbd_loanamount_Inc-Inc","2"
"344","SEM13","Dalits","SC","T3 in.","T2 as.","SEM","Colony","Inc-Dec","Dec-Dec","Dec-Inc","Inc-Inc","Dec-Inc","sbd_dsr_Inc-Inc","sbd_dar_Dec-Inc","sbd_assets_noland_Dec-Dec","sbd_loanamount_Dec-Inc","2"
"345","SEM15","Dalits","SC","T1 in.","T1 as.","SEM","Colony","Dec-Inc","Inc-Inc","Inc-Inc","Inc-Inc","Inc-Inc","sbd_dsr_Inc-Inc","sbd_dar_Inc-Inc","sbd_assets_noland_Inc-Inc","sbd_loanamount_Inc-Inc","1"
"346","SEM16","Middle","Muslims","T3 in.","T3 as.","SEM","Ur","Dec-Inc","Inc-Inc","Inc-Inc","INC-INC","Inc-Inc","sbd_dsr_INC-INC","sbd_dar_Inc-Inc","sbd_assets_noland_Inc-Inc","sbd_loanamount_Inc-Inc","1"
"347","SEM17","Upper","Naidu","T3 in.","T2 as.","SEM","Ur","Inc-Dec","Inc-Inc","Dec-Inc","Inc-Inc","Dec-Inc","sbd_dsr_Inc-Inc","sbd_dar_Dec-Inc","sbd_assets_noland_Inc-Inc","sbd_loanamount_Dec-Inc","2"
"348","SEM18","Upper","Naidu","T2 in.","T1 as.","SEM","Ur","Inc-Dec","Dec-Inc","Dec-Inc","Dec-Dec","Dec-Inc","sbd_dsr_Dec-Dec","sbd_dar_Dec-Inc","sbd_assets_noland_Dec-Inc","sbd_loanamount_Dec-Inc","2"
"349","SEM19","Dalits","SC","T3 in.","T1 as.","SEM","Colony","Inc-Dec","Dec-Inc","Inc-Dec","Dec-Dec","Inc-Dec","sbd_dsr_Dec-Dec","sbd_dar_Inc-Dec","sbd_assets_noland_Dec-Inc","sbd_loanamount_Inc-Dec","4"
"350","SEM2","Middle","Kulalar","T2 in.","T1 as.","SEM","Ur","Inc-Dec","Inc-Inc","Inc-Inc","Inc-Inc","Inc-Inc","sbd_dsr_Inc-Inc","sbd_dar_Inc-Inc","sbd_assets_noland_Inc-Inc","sbd_loanamount_Inc-Inc","1"
"351","SEM20","Middle","Vanniyar","T2 in.","T1 as.","SEM","Ur","Dec-Inc","Dec-Dec","Inc-Inc","Inc-Inc","Inc-Inc","sbd_dsr_Inc-Inc","sbd_dar_Inc-Inc","sbd_assets_noland_Dec-Dec","sbd_loanamount_Inc-Inc","1"
"352","SEM22","Dalits","SC","T2 in.","T1 as.","SEM","Colony","Dec-Sta","Dec-Dec","Dec-Inc","Dec-Dec","Dec-Inc","sbd_dsr_Dec-Dec","sbd_dar_Dec-Inc","sbd_assets_noland_Dec-Dec","sbd_loanamount_Dec-Inc","2"
"353","SEM25","Dalits","SC","T2 in.","T1 as.","SEM","Colony","Dec-Inc","Inc-Inc","Inc-Inc","INC-INC","Dec-Inc","sbd_dsr_INC-INC","sbd_dar_Dec-Inc","sbd_assets_noland_Inc-Inc","sbd_loanamount_Inc-Inc","2"
"354","SEM26","Middle","Muslims","T1 in.","T1 as.","SEM","Ur","Dec-Inc","Dec-Inc","Inc-Inc","Inc-Inc","Inc-Inc","sbd_dsr_Inc-Inc","sbd_dar_Inc-Inc","sbd_assets_noland_Dec-Inc","sbd_loanamount_Inc-Inc","1"
"355","SEM27","Dalits","SC","T3 in.","T2 as.","SEM","Colony","Sta-Dec","Dec-Dec","Dec-Inc","Inc-Inc","Dec-Dec","sbd_dsr_Inc-Inc","sbd_dar_Dec-Dec","sbd_assets_noland_Dec-Dec","sbd_loanamount_Dec-Inc","2"
"356","SEM28","Middle","Muslims","T1 in.","T3 as.","SEM","Ur","Inc-Dec","Dec-Dec","Dec-Inc","Sta-Dec","Dec-Dec","sbd_dsr_Sta-Dec","sbd_dar_Dec-Dec","sbd_assets_noland_Dec-Dec","sbd_loanamount_Dec-Inc","2"
"357","SEM29","Middle","Kulalar","T3 in.","T2 as.","SEM","Ur","Dec-Inc","Inc-Inc","Inc-Inc","Inc-Inc","Dec-Inc","sbd_dsr_Inc-Inc","sbd_dar_Dec-Inc","sbd_assets_noland_Inc-Inc","sbd_loanamount_Inc-Inc","2"
"358","SEM30","Dalits","SC","T3 in.","T3 as.","SEM","Colony","Inc-Dec","Inc-Inc","Inc-Dec","Inc-Inc","Dec-Dec","sbd_dsr_Inc-Inc","sbd_dar_Dec-Dec","sbd_assets_noland_Inc-Inc","sbd_loanamount_Inc-Dec","3"
"359","SEM31","Dalits","SC","T1 in.","T3 as.","SEM","Colony","Inc-Dec","Inc-Inc","Inc-Inc","Inc-Inc","Dec-Dec","sbd_dsr_Inc-Inc","sbd_dar_Dec-Dec","sbd_assets_noland_Inc-Inc","sbd_loanamount_Inc-Inc","3"
"360","SEM32","Middle","Kulalar","T3 in.","T2 as.","SEM","Ur","Sta-Dec","Inc-Inc","Inc-Dec","Dec-Dec","Inc-Dec","sbd_dsr_Dec-Dec","sbd_dar_Inc-Dec","sbd_assets_noland_Inc-Inc","sbd_loanamount_Inc-Dec","4"
"361","SEM34","Dalits","SC","T2 in.","T3 as.","SEM","Colony","Inc-Dec","DEC-INC","Inc-Inc","Inc-Inc","Inc-Dec","sbd_dsr_Inc-Inc","sbd_dar_Inc-Dec","sbd_assets_noland_DEC-INC","sbd_loanamount_Inc-Inc","4"
"362","SEM35","Middle","Muslims","T2 in.","T1 as.","SEM","Ur","Inc-Dec","Inc-Inc","Inc-Inc","Inc-Inc","Dec-Dec","sbd_dsr_Inc-Inc","sbd_dar_Dec-Dec","sbd_assets_noland_Inc-Inc","sbd_loanamount_Inc-Inc","3"
"363","SEM36","Dalits","SC","T3 in.","T3 as.","SEM","Colony","Sta-Dec","Dec-Dec","Dec-Inc","Dec-Inc","Dec-Inc","sbd_dsr_Dec-Inc","sbd_dar_Dec-Inc","sbd_assets_noland_Dec-Dec","sbd_loanamount_Dec-Inc","2"
"364","SEM37","Upper","Rediyar","T3 in.","T3 as.","SEM","Ur","Dec-Sta","Dec-Dec","Inc-Dec","Dec-Inc","Dec-Dec","sbd_dsr_Dec-Inc","sbd_dar_Dec-Dec","sbd_assets_noland_Dec-Dec","sbd_loanamount_Inc-Dec","2"
"365","SEM39","Dalits","SC","T1 in.","T1 as.","SEM","Colony","Inc-Dec","Dec-Inc","Inc-Inc","Inc-Inc","Dec-Dec","sbd_dsr_Inc-Inc","sbd_dar_Dec-Dec","sbd_assets_noland_Dec-Inc","sbd_loanamount_Inc-Inc","3"
"366","SEM40","Middle","Muslims","T1 in.","T1 as.","SEM","Ur","Dec-Inc","Inc-Inc","Inc-Dec","Sta-Dec","Inc-Dec","sbd_dsr_Sta-Dec","sbd_dar_Inc-Dec","sbd_assets_noland_Inc-Inc","sbd_loanamount_Inc-Dec","4"
"367","SEM41","Middle","Kulalar","T2 in.","T1 as.","SEM","Ur","Sta-Dec","Inc-Inc","Inc-Inc","Inc-Inc","Dec-Dec","sbd_dsr_Inc-Inc","sbd_dar_Dec-Dec","sbd_assets_noland_Inc-Inc","sbd_loanamount_Inc-Inc","3"
"368","SEM42","Dalits","SC","T2 in.","T3 as.","SEM","Colony","Dec-Inc","Dec-Inc","Dec-Inc","Dec-Dec","Dec-Dec","sbd_dsr_Dec-Dec","sbd_dar_Dec-Dec","sbd_assets_noland_Dec-Inc","sbd_loanamount_Dec-Inc","2"
"369","SEM43","Middle","Muslims","T3 in.","T3 as.","SEM","Ur","Dec-Inc","Inc-Inc","Inc-Dec","Dec-Dec","Dec-Dec","sbd_dsr_Dec-Dec","sbd_dar_Dec-Dec","sbd_assets_noland_Inc-Inc","sbd_loanamount_Inc-Dec","3"
"370","SEM44","Upper","Naidu","T1 in.","T1 as.","SEM","Ur","Dec-Inc","DEC-INC","Inc-Inc","Dec-Dec","Inc-Dec","sbd_dsr_Dec-Dec","sbd_dar_Inc-Dec","sbd_assets_noland_DEC-INC","sbd_loanamount_Inc-Inc","4"
"371","SEM45","Dalits","SC","T2 in.","T1 as.","SEM","Colony","Inc-Dec","Dec-Inc","Inc-Inc","Dec-Dec","Dec-Dec","sbd_dsr_Dec-Dec","sbd_dar_Dec-Dec","sbd_assets_noland_Dec-Inc","sbd_loanamount_Inc-Inc","3"
"372","SEM46","Dalits","SC","T2 in.","T2 as.","SEM","Colony","Inc-Dec","Inc-Inc","Inc-Inc","Dec-Dec","Inc-Inc","sbd_dsr_Dec-Dec","sbd_dar_Inc-Inc","sbd_assets_noland_Inc-Inc","sbd_loanamount_Inc-Inc","1"
"373","SEM47","Middle","Vanniyar","T1 in.","T1 as.","SEM","Ur","Inc-Dec","Dec-Inc","Dec-Inc","Inc-Inc","Dec-Inc","sbd_dsr_Inc-Inc","sbd_dar_Dec-Inc","sbd_assets_noland_Dec-Inc","sbd_loanamount_Dec-Inc","2"
"374","SEM48","Upper","Chettiyar","T2 in.","T3 as.","SEM","Ur","Inc-Dec","Dec-Inc","Inc-Inc","Dec-Dec","Inc-Inc","sbd_dsr_Dec-Dec","sbd_dar_Inc-Inc","sbd_assets_noland_Dec-Inc","sbd_loanamount_Inc-Inc","4"
"375","SEM49","Dalits","SC","T3 in.","T1 as.","SEM","Colony","Sta-Dec","Inc-Inc","Inc-Inc","INC-INC","Inc-Inc","sbd_dsr_INC-INC","sbd_dar_Inc-Inc","sbd_assets_noland_Inc-Inc","sbd_loanamount_Inc-Inc","1"
"376","SEM5","Dalits","SC","T2 in.","T1 as.","SEM","Colony","Inc-Dec","Inc-Inc","Inc-Inc","INC-INC","Inc-Inc","sbd_dsr_INC-INC","sbd_dar_Inc-Inc","sbd_assets_noland_Inc-Inc","sbd_loanamount_Inc-Inc","1"
"377","SEM51","Dalits","SC","T3 in.","T1 as.","SEM","Colony","Sta-Dec","Inc-Inc","Dec-Inc","INC-INC","Dec-Inc","sbd_dsr_INC-INC","sbd_dar_Dec-Inc","sbd_assets_noland_Inc-Inc","sbd_loanamount_Dec-Inc","2"
"378","SEM52","Dalits","SC","T3 in.","T1 as.","SEM","Colony","Sta-Dec","Inc-Inc","Inc-Inc","INC-INC","Dec-Inc","sbd_dsr_INC-INC","sbd_dar_Dec-Inc","sbd_assets_noland_Inc-Inc","sbd_loanamount_Inc-Inc","2"
"379","SEM6","Dalits","SC","T3 in.","T3 as.","SEM","Colony","Inc-Dec","Dec-Dec","Inc-Dec","Inc-Inc","Inc-Inc","sbd_dsr_Inc-Inc","sbd_dar_Inc-Inc","sbd_assets_noland_Dec-Dec","sbd_loanamount_Inc-Dec","1"
"380","SEM7","Middle","Kulalar","T1 in.","T3 as.","SEM","Ur","Sta-Dec","DEC-INC","Inc-Inc","INC-INC","Inc-Inc","sbd_dsr_INC-INC","sbd_dar_Inc-Inc","sbd_assets_noland_DEC-INC","sbd_loanamount_Inc-Inc","1"
"381","SEM8","Dalits","SC","T2 in.","T2 as.","SEM","Colony","Dec-Inc","Inc-Inc","Inc-Inc","Inc-Inc","Inc-Inc","sbd_dsr_Inc-Inc","sbd_dar_Inc-Inc","sbd_assets_noland_Inc-Inc","sbd_loanamount_Inc-Inc","1"
"382","SEM9","Middle","Kulalar","T2 in.","T3 as.","SEM","Ur","Inc-Dec","Dec-Dec","Inc-Dec","Dec-Dec","Inc-Inc","sbd_dsr_Dec-Dec","sbd_dar_Inc-Inc","sbd_assets_noland_Dec-Dec","sbd_loanamount_Inc-Dec","4"
